[
{
    "model": "bells.pattern",
    "pk": 1,
    "fields": {
        "name": "The Arches",
        "pub_date": "2023-02-06T17:54:26.226Z",
        "history": "7 bells 5713468   (no 2nd)",
        "pattern": "5713468",
        "order": 10,
        "number": 7
    }
},
{
    "model": "bells.pattern",
    "pk": 2,
    "fields": {
        "name": "Back Rounds",
        "pub_date": "2023-02-06T19:56:22.189Z",
        "history": "Back Rounds\r\n5 Bells 43215\r\n6 Bells 543216\r\n7 Bells  6543217\r\n8 Bells 76543218\r\n\r\nCount Down with Tenor at the back",
        "pattern": "76543218",
        "order": 10,
        "number": 8
    }
},
{
    "model": "bells.pattern",
    "pk": 3,
    "fields": {
        "name": "Bowbells",
        "pub_date": "2023-02-06T19:48:48.086Z",
        "history": "13245768",
        "pattern": "13245768",
        "order": 10,
        "number": 8
    }
},
{
    "model": "bells.pattern",
    "pk": 4,
    "fields": {
        "name": "Burdette",
        "pub_date": "2023-02-06T19:49:21.485Z",
        "history": "Burdette\r\n6 Bells 213546\r\n8 Bells 31245768",
        "pattern": "31245768",
        "order": 10,
        "number": 8
    }
},
{
    "model": "bells.pattern",
    "pk": 5,
    "fields": {
        "name": "Exploding Tittums",
        "pub_date": "2023-02-06T19:50:20.313Z",
        "history": "Exploding Tittums\r\n6 Bells 342516\r\n8 Bells 45362718",
        "pattern": "45362718",
        "order": 10,
        "number": 8
    }
},
{
    "model": "bells.pattern",
    "pk": 6,
    "fields": {
        "name": "Hagdyke",
        "pub_date": "2023-02-06T19:52:04.247Z",
        "history": "Hagdyke\r\n6 Bells 341256\r\n8 Bells 12563478",
        "pattern": "12563478",
        "order": 10,
        "number": 8
    }
},
{
    "model": "bells.pattern",
    "pk": 8,
    "fields": {
        "name": "Jacks",
        "pub_date": "2023-02-06T19:52:56.363Z",
        "history": "Jacks\r\n6 Bells 145236\r\n8 Bells 16745238",
        "pattern": "16745238",
        "order": 10,
        "number": 8
    }
},
{
    "model": "bells.pattern",
    "pk": 9,
    "fields": {
        "name": "Jokers",
        "pub_date": "2023-02-06T19:55:24.862Z",
        "history": "Jokers\r\n5 Bells 14324\r\n6 Bells 154326\r\n8 Bells 17654328",
        "pattern": "17654328",
        "order": 10,
        "number": 8
    }
},
{
    "model": "bells.pattern",
    "pk": 10,
    "fields": {
        "name": "Kennet",
        "pub_date": "2023-02-06T19:56:00.993Z",
        "history": "6 Bells 153426",
        "pattern": "153426",
        "order": 10,
        "number": 6
    }
},
{
    "model": "bells.pattern",
    "pk": 11,
    "fields": {
        "name": "Kings",
        "pub_date": "2023-02-06T19:09:33.445Z",
        "history": "Kings\r\n5 Bells 31245\r\n6 Bells 531246\r\n8 Bells 75312468\r\nOdds from back, evens from front.",
        "pattern": "75312468",
        "order": 10,
        "number": 8
    }
},
{
    "model": "bells.pattern",
    "pk": 13,
    "fields": {
        "name": "Priory",
        "pub_date": "2023-02-06T19:53:54.195Z",
        "history": "Priory\r\n6 Bells 132546\r\n8 Bells  13254768",
        "pattern": "13254768",
        "order": 10,
        "number": 8
    }
},
{
    "model": "bells.pattern",
    "pk": 14,
    "fields": {
        "name": "Princes",
        "pub_date": "2023-02-06T19:58:42.631Z",
        "history": "Princes\r\n6 Bells 532146\r\n8 Bells 75321468",
        "pattern": "75321468",
        "order": 10,
        "number": 8
    }
},
{
    "model": "bells.pattern",
    "pk": 15,
    "fields": {
        "name": "Princesses",
        "pub_date": "2023-02-06T21:13:26.027Z",
        "history": "8 Bells 13527468",
        "pattern": "13527468",
        "order": 10,
        "number": 8
    }
},
{
    "model": "bells.pattern",
    "pk": 16,
    "fields": {
        "name": "Queens",
        "pub_date": "2023-02-06T18:19:57.102Z",
        "history": "Queens\r\n5 Bells 24135  \r\n6 Bells 135246\r\n7 Bells  2461357\r\n8 Bells 13572468\r\nOdds from front, evens from front",
        "pattern": "13572468",
        "order": 10,
        "number": 8
    }
},
{
    "model": "bells.pattern",
    "pk": 17,
    "fields": {
        "name": "Roller Coaster",
        "pub_date": "2023-02-06T19:46:44.057Z",
        "history": "Roller Coaster\r\n7 Bells 3216547\r\n8 Bells 14327658",
        "pattern": "14327658",
        "order": 10,
        "number": 8
    }
},
{
    "model": "bells.pattern",
    "pk": 19,
    "fields": {
        "name": "Rounds",
        "pub_date": "2023-02-06T17:49:06.978Z",
        "history": "4 Bells 1234\r\n5 Bells 12345\r\n6 Bells 123456\r\n7 Bells 1234567\r\n8 Bells 12345678\r\nCount Up",
        "pattern": "12345678",
        "order": 0,
        "number": 8
    }
},
{
    "model": "bells.pattern",
    "pk": 20,
    "fields": {
        "name": "St Michael's",
        "pub_date": "2023-02-06T17:47:51.029Z",
        "history": "8 Bells 17652438",
        "pattern": "17652438",
        "order": 10,
        "number": 8
    }
},
{
    "model": "bells.pattern",
    "pk": 21,
    "fields": {
        "name": "See Saw",
        "pub_date": "2023-02-06T19:43:57.018Z",
        "history": "6 Bells 321456\r\n8 Bells 43215678",
        "pattern": "321456",
        "order": 10,
        "number": 6
    }
},
{
    "model": "bells.pattern",
    "pk": 22,
    "fields": {
        "name": "Tittums",
        "pub_date": "2023-02-06T19:43:46.360Z",
        "history": "5 Bells 31425\r\n6 Bells 142536\r\n8 Bells 15263748\r\nSplit Bells in two, take 1st bell of each, then 2nd, then 3rd.",
        "pattern": "31425",
        "order": 6,
        "number": 5
    }
},
{
    "model": "bells.pattern",
    "pk": 23,
    "fields": {
        "name": "Weasels",
        "pub_date": "2023-02-06T19:46:33.960Z",
        "history": "5 Bells  14235",
        "pattern": "14235",
        "order": 9,
        "number": 5
    }
},
{
    "model": "bells.pattern",
    "pk": 24,
    "fields": {
        "name": "Whittington's",
        "pub_date": "2023-02-06T17:59:22.556Z",
        "history": "6 Bells 125346\r\n8 Bells 12753468 \r\nBells 1&2, then odds from back, evens from front.",
        "pattern": "125346",
        "order": 6,
        "number": 6
    }
},
{
    "model": "bells.pattern",
    "pk": 25,
    "fields": {
        "name": "Rounds",
        "pub_date": "2023-02-06T18:15:00.735Z",
        "history": "The rounds four bell",
        "pattern": "1234",
        "order": 5,
        "number": 4
    }
},
{
    "model": "bells.pattern",
    "pk": 26,
    "fields": {
        "name": "Rounds",
        "pub_date": "2023-02-06T19:43:12.658Z",
        "history": "Rounds on 5 Bells",
        "pattern": "12345",
        "order": 5,
        "number": 5
    }
},
{
    "model": "bells.pattern",
    "pk": 27,
    "fields": {
        "name": "Rounds",
        "pub_date": "2023-02-06T19:43:01.389Z",
        "history": "Rounds on si",
        "pattern": "123456",
        "order": 5,
        "number": 6
    }
},
{
    "model": "bells.pattern",
    "pk": 28,
    "fields": {
        "name": "Rounds",
        "pub_date": "2023-02-06T19:42:48.365Z",
        "history": "Rounds on 7 bells",
        "pattern": "1234567",
        "order": 5,
        "number": 7
    }
},
{
    "model": "bells.pattern",
    "pk": 29,
    "fields": {
        "name": "Whittington's",
        "pub_date": "2023-02-06T17:53:59.557Z",
        "history": "Whittingtons on 8",
        "pattern": "12753468",
        "order": 8,
        "number": 8
    }
},
{
    "model": "bells.pattern",
    "pk": 30,
    "fields": {
        "name": "Titums",
        "pub_date": "2023-02-06T19:43:33.344Z",
        "history": "5 Bells 31425\r\n6 Bells 142536\r\n8 Bells 15263748\r\nSplit Bells in two, take 1st bell of each, then 2nd, then 3rd.",
        "pattern": "142536",
        "order": 6,
        "number": 6
    }
},
{
    "model": "bells.pattern",
    "pk": 38,
    "fields": {
        "name": "Sew Saw",
        "pub_date": "2023-02-06T19:48:28.091Z",
        "history": "6 Bells 321456\r\n8 Bells 43215678",
        "pattern": "43215678",
        "order": 100,
        "number": 8
    }
},
{
    "model": "bells.pattern",
    "pk": 42,
    "fields": {
        "name": "Kings",
        "pub_date": "2023-02-06T18:12:27.384Z",
        "history": "Kings\r\n5 Bells 31245\r\n6 Bells 531246\r\n8 Bells 75312468\r\nOdds from back, evens from front.",
        "pattern": "31245",
        "order": 100,
        "number": 5
    }
},
{
    "model": "bells.pattern",
    "pk": 43,
    "fields": {
        "name": "Kings",
        "pub_date": "2023-02-06T18:13:43.240Z",
        "history": "Kings\r\n5 Bells 31245\r\n6 Bells 531246\r\n8 Bells 75312468\r\nOdds from back, evens from front.",
        "pattern": "531246",
        "order": 100,
        "number": 6
    }
},
{
    "model": "bells.pattern",
    "pk": 44,
    "fields": {
        "name": "Queens",
        "pub_date": "2023-02-06T18:19:15.350Z",
        "history": "Queens\r\n5 Bells 24135  \r\n6 Bells 135246\r\n7 Bells  2461357\r\n8 Bells 13572468\r\nOdds from front, evens from front",
        "pattern": "2461357",
        "order": 100,
        "number": 7
    }
},
{
    "model": "bells.pattern",
    "pk": 45,
    "fields": {
        "name": "Queens",
        "pub_date": "2023-02-06T18:19:33.526Z",
        "history": "Queens\r\n5 Bells 24135  \r\n6 Bells 135246\r\n7 Bells  2461357\r\n8 Bells 13572468\r\nOdds from front, evens from front",
        "pattern": "135246",
        "order": 100,
        "number": 6
    }
},
{
    "model": "bells.pattern",
    "pk": 46,
    "fields": {
        "name": "Queens",
        "pub_date": "2023-02-06T18:20:19.599Z",
        "history": "Queens\r\n5 Bells 24135  \r\n6 Bells 135246\r\n7 Bells  2461357\r\n8 Bells 13572468\r\nOdds from front, evens from front",
        "pattern": "24135",
        "order": 100,
        "number": 5
    }
},
{
    "model": "bells.pattern",
    "pk": 80,
    "fields": {
        "name": "Roller Coaster",
        "pub_date": "2023-02-06T19:46:59.735Z",
        "history": "Roller Coaster\r\n7 Bells 3216547\r\n8 Bells 14327658",
        "pattern": "3216547",
        "order": 100,
        "number": 7
    }
},
{
    "model": "bells.pattern",
    "pk": 81,
    "fields": {
        "name": "Burdette",
        "pub_date": "2023-02-06T19:49:40.459Z",
        "history": "Burdette\r\n6 Bells 213546\r\n8 Bells 31245768",
        "pattern": "213546",
        "order": 100,
        "number": 6
    }
},
{
    "model": "bells.pattern",
    "pk": 82,
    "fields": {
        "name": "Exploding Tittums",
        "pub_date": "2023-02-06T19:50:56.749Z",
        "history": "Exploding Tittums\r\n6 Bells 342516\r\n8 Bells 45362718",
        "pattern": "342516",
        "order": 100,
        "number": 6
    }
},
{
    "model": "bells.pattern",
    "pk": 83,
    "fields": {
        "name": "Hagdyke",
        "pub_date": "2023-02-06T19:52:21.146Z",
        "history": "Hagdyke\r\n6 Bells 341256\r\n8 Bells 12563478",
        "pattern": "341256",
        "order": 100,
        "number": 6
    }
},
{
    "model": "bells.pattern",
    "pk": 84,
    "fields": {
        "name": "Jacks",
        "pub_date": "2023-02-06T19:53:16.990Z",
        "history": "Jacks\r\n6 Bells 145236\r\n8 Bells 16745238",
        "pattern": "145236",
        "order": 100,
        "number": 6
    }
},
{
    "model": "bells.pattern",
    "pk": 85,
    "fields": {
        "name": "Priory",
        "pub_date": "2023-02-06T19:54:09.397Z",
        "history": "Priory\r\n6 Bells 132546\r\n8 Bells  13254768",
        "pattern": "132546",
        "order": 100,
        "number": 6
    }
},
{
    "model": "bells.pattern",
    "pk": 86,
    "fields": {
        "name": "Jokers",
        "pub_date": "2023-02-06T19:54:58.261Z",
        "history": "Jokers\r\n5 Bells 14324\r\n6 Bells 154326\r\n8 Bells 17654328",
        "pattern": "154326",
        "order": 100,
        "number": 6
    }
},
{
    "model": "bells.pattern",
    "pk": 87,
    "fields": {
        "name": "Jokers",
        "pub_date": "2023-02-06T21:05:43.631Z",
        "history": "Jokers\r\n5 Bells 14325\r\n6 Bells 154326\r\n8 Bells 17654328",
        "pattern": "14325",
        "order": 100,
        "number": 5
    }
},
{
    "model": "bells.pattern",
    "pk": 88,
    "fields": {
        "name": "Back Rounds",
        "pub_date": "2023-02-06T19:56:56.799Z",
        "history": "Back Rounds\r\n5 Bells 43215\r\n6 Bells 543216\r\n7 Bells  6543217\r\n8 Bells 76543218\r\n\r\nCount Down with Tenor at the back",
        "pattern": "6543217",
        "order": 100,
        "number": 7
    }
},
{
    "model": "bells.pattern",
    "pk": 89,
    "fields": {
        "name": "Back Rounds",
        "pub_date": "2023-02-06T19:57:34.706Z",
        "history": "Back Rounds\r\n5 Bells 43215\r\n6 Bells 543216\r\n7 Bells  6543217\r\n8 Bells 76543218\r\n\r\nCount Down with Tenor at the back",
        "pattern": "543216",
        "order": 100,
        "number": 6
    }
},
{
    "model": "bells.pattern",
    "pk": 90,
    "fields": {
        "name": "Back Rounds",
        "pub_date": "2023-02-06T19:57:52.002Z",
        "history": "Back Rounds\r\n5 Bells 43215\r\n6 Bells 543216\r\n7 Bells  6543217\r\n8 Bells 76543218\r\n\r\nCount Down with Tenor at the back",
        "pattern": "43215",
        "order": 100,
        "number": 5
    }
},
{
    "model": "bells.pattern",
    "pk": 91,
    "fields": {
        "name": "Princes",
        "pub_date": "2023-02-06T19:58:57.467Z",
        "history": "Princes\r\n6 Bells 532146\r\n8 Bells 75321468",
        "pattern": "532146",
        "order": 100,
        "number": 6
    }
},
{
    "model": "bells.tower",
    "pk": 1,
    "fields": {
        "name": "Sandbach",
        "pallete": 1
    }
},
{
    "model": "bells.bell",
    "pk": 1,
    "fields": {
        "tower": 1,
        "bell": "1",
        "weight": "",
        "nominal": "",
        "note": "F",
        "diameter": "100.000",
        "dated": "",
        "founder": ""
    }
},
{
    "model": "bells.bell",
    "pk": 2,
    "fields": {
        "tower": 1,
        "bell": "2",
        "weight": "",
        "nominal": "",
        "note": "E",
        "diameter": "100.000",
        "dated": "",
        "founder": ""
    }
},
{
    "model": "bells.bell",
    "pk": 3,
    "fields": {
        "tower": 1,
        "bell": "3",
        "weight": "",
        "nominal": "",
        "note": "D",
        "diameter": "100.000",
        "dated": "",
        "founder": ""
    }
},
{
    "model": "bells.bell",
    "pk": 4,
    "fields": {
        "tower": 1,
        "bell": "4",
        "weight": "",
        "nominal": "",
        "note": "C",
        "diameter": "100.000",
        "dated": "",
        "founder": ""
    }
},
{
    "model": "bells.bell",
    "pk": 5,
    "fields": {
        "tower": 1,
        "bell": "5",
        "weight": "",
        "nominal": "",
        "note": "Bb",
        "diameter": "100.000",
        "dated": "",
        "founder": ""
    }
},
{
    "model": "bells.bell",
    "pk": 6,
    "fields": {
        "tower": 1,
        "bell": "6",
        "weight": "",
        "nominal": "",
        "note": "A",
        "diameter": "100.000",
        "dated": "",
        "founder": ""
    }
},
{
    "model": "bells.bell",
    "pk": 7,
    "fields": {
        "tower": 1,
        "bell": "7",
        "weight": "",
        "nominal": "",
        "note": "G",
        "diameter": "100.000",
        "dated": "",
        "founder": ""
    }
},
{
    "model": "bells.bell",
    "pk": 8,
    "fields": {
        "tower": 1,
        "bell": "8",
        "weight": "",
        "nominal": "",
        "note": "F",
        "diameter": "100.000",
        "dated": "",
        "founder": ""
    }
},
{
    "model": "palletes.pallete",
    "pk": 1,
    "fields": {
        "pub_date": "2023-01-25T13:54:57Z",
        "history": "",
        "name": "Snooker",
        "back": 1,
        "fore": 1
    }
},
{
    "model": "palletes.pallete",
    "pk": 2,
    "fields": {
        "pub_date": "2023-01-25T14:12:49.260Z",
        "history": "Based on the Electrical Resistor Colour Codes\r\n\r\nBad,Bad ,Richard,Of,York,Gave,Battle,In,Vain,Grey,White",
        "name": "Resistors",
        "back": 9,
        "fore": 19
    }
},
{
    "model": "palletes.colour",
    "pk": 1,
    "fields": {
        "pub_date": "2023-01-25T13:58:45Z",
        "history": "",
        "name": "Red",
        "rgb": "#FFFFFF",
        "border": "#000000",
        "order": 1,
        "pallete": 1
    }
},
{
    "model": "palletes.colour",
    "pk": 2,
    "fields": {
        "pub_date": "2023-01-25T13:59:10Z",
        "history": "",
        "name": "Yellow",
        "rgb": "#FFFFFF",
        "border": "#000000",
        "order": 2,
        "pallete": 1
    }
},
{
    "model": "palletes.colour",
    "pk": 3,
    "fields": {
        "pub_date": "2023-01-25T13:59:31Z",
        "history": "",
        "name": "Green",
        "rgb": "#FFFFFF",
        "border": "#000000",
        "order": 3,
        "pallete": 1
    }
},
{
    "model": "palletes.colour",
    "pk": 4,
    "fields": {
        "pub_date": "2023-01-25T14:07:49Z",
        "history": "",
        "name": "Brown",
        "rgb": "#FFFFFF",
        "border": "#000000",
        "order": 4,
        "pallete": 1
    }
},
{
    "model": "palletes.colour",
    "pk": 5,
    "fields": {
        "pub_date": "2023-01-25T14:08:26Z",
        "history": "",
        "name": "blue",
        "rgb": "#0000FF",
        "border": "#000000",
        "order": 5,
        "pallete": 1
    }
},
{
    "model": "palletes.colour",
    "pk": 6,
    "fields": {
        "pub_date": "2023-01-25T14:09:13Z",
        "history": "",
        "name": "Pink",
        "rgb": "#FFFFFF",
        "border": "#000000",
        "order": 6,
        "pallete": 1
    }
},
{
    "model": "palletes.colour",
    "pk": 7,
    "fields": {
        "pub_date": "2023-01-25T14:09:40Z",
        "history": "",
        "name": "Black",
        "rgb": "#000000",
        "border": "#000000",
        "order": 7,
        "pallete": 1
    }
},
{
    "model": "palletes.colour",
    "pk": 8,
    "fields": {
        "pub_date": "2023-01-25T14:10:04Z",
        "history": "",
        "name": "White",
        "rgb": "#FFFFFF",
        "border": "#000000",
        "order": 8,
        "pallete": 1
    }
},
{
    "model": "palletes.colour",
    "pk": 9,
    "fields": {
        "pub_date": "2023-01-25T14:17:13.791Z",
        "history": "",
        "name": "Black",
        "rgb": "#FFFFFF",
        "border": "#000000",
        "order": 1,
        "pallete": 2
    }
},
{
    "model": "palletes.colour",
    "pk": 10,
    "fields": {
        "pub_date": "2023-01-25T14:17:31.924Z",
        "history": "",
        "name": "Brown",
        "rgb": "#FFFFFF",
        "border": "#000000",
        "order": 2,
        "pallete": 2
    }
},
{
    "model": "palletes.colour",
    "pk": 11,
    "fields": {
        "pub_date": "2023-01-25T14:18:04.455Z",
        "history": "",
        "name": "Red",
        "rgb": "#FF0000",
        "border": "#000000",
        "order": 3,
        "pallete": 2
    }
},
{
    "model": "palletes.colour",
    "pk": 12,
    "fields": {
        "pub_date": "2023-01-25T14:18:46.462Z",
        "history": "",
        "name": "Orange",
        "rgb": "#FFA000",
        "border": "#000000",
        "order": 4,
        "pallete": 2
    }
},
{
    "model": "palletes.colour",
    "pk": 13,
    "fields": {
        "pub_date": "2023-01-25T14:19:07.619Z",
        "history": "",
        "name": "Yellow",
        "rgb": "#FFFF00",
        "border": "#000000",
        "order": 4,
        "pallete": 2
    }
},
{
    "model": "palletes.colour",
    "pk": 14,
    "fields": {
        "pub_date": "2023-01-25T14:19:34.636Z",
        "history": "",
        "name": "Green",
        "rgb": "#00FF00",
        "border": "#000000",
        "order": 5,
        "pallete": 2
    }
},
{
    "model": "palletes.colour",
    "pk": 15,
    "fields": {
        "pub_date": "2023-01-25T14:20:18.555Z",
        "history": "",
        "name": "Blue",
        "rgb": "#0000FF",
        "border": "#000000",
        "order": 6,
        "pallete": 2
    }
},
{
    "model": "palletes.colour",
    "pk": 16,
    "fields": {
        "pub_date": "2023-01-25T14:20:55.678Z",
        "history": "",
        "name": "Indigo",
        "rgb": "#FFFFFF",
        "border": "#000000",
        "order": 7,
        "pallete": 2
    }
},
{
    "model": "palletes.colour",
    "pk": 17,
    "fields": {
        "pub_date": "2023-01-25T14:21:14.412Z",
        "history": "",
        "name": "Violet",
        "rgb": "#FFFFFF",
        "border": "#000000",
        "order": 8,
        "pallete": 2
    }
},
{
    "model": "palletes.colour",
    "pk": 18,
    "fields": {
        "pub_date": "2023-01-25T14:21:29.774Z",
        "history": "",
        "name": "Grey",
        "rgb": "#FFFFFF",
        "border": "#000000",
        "order": 9,
        "pallete": 2
    }
},
{
    "model": "palletes.colour",
    "pk": 19,
    "fields": {
        "pub_date": "2023-01-25T14:21:42.901Z",
        "history": "",
        "name": "White",
        "rgb": "#FFFFFF",
        "border": "#000000",
        "order": 10,
        "pallete": 2
    }
},
{
    "model": "admin.logentry",
    "pk": 1,
    "fields": {
        "action_time": "2022-08-15T17:10:05.400Z",
        "user": 1,
        "content_type": 7,
        "object_id": "1",
        "object_repr": "Pattern object (1)",
        "action_flag": 1,
        "change_message": "[{\"added\": {}}]"
    }
},
{
    "model": "admin.logentry",
    "pk": 2,
    "fields": {
        "action_time": "2022-08-15T17:11:26.472Z",
        "user": 1,
        "content_type": 7,
        "object_id": "2",
        "object_repr": "Pattern object (2)",
        "action_flag": 1,
        "change_message": "[{\"added\": {}}]"
    }
},
{
    "model": "admin.logentry",
    "pk": 3,
    "fields": {
        "action_time": "2022-08-15T17:11:54.776Z",
        "user": 1,
        "content_type": 7,
        "object_id": "3",
        "object_repr": "Pattern object (3)",
        "action_flag": 1,
        "change_message": "[{\"added\": {}}]"
    }
},
{
    "model": "admin.logentry",
    "pk": 4,
    "fields": {
        "action_time": "2022-08-15T17:12:50.313Z",
        "user": 1,
        "content_type": 7,
        "object_id": "4",
        "object_repr": "Pattern object (4)",
        "action_flag": 1,
        "change_message": "[{\"added\": {}}]"
    }
},
{
    "model": "admin.logentry",
    "pk": 5,
    "fields": {
        "action_time": "2022-08-15T17:13:39.018Z",
        "user": 1,
        "content_type": 7,
        "object_id": "5",
        "object_repr": "Pattern object (5)",
        "action_flag": 1,
        "change_message": "[{\"added\": {}}]"
    }
},
{
    "model": "admin.logentry",
    "pk": 6,
    "fields": {
        "action_time": "2022-08-15T17:14:23.323Z",
        "user": 1,
        "content_type": 7,
        "object_id": "6",
        "object_repr": "Pattern object (6)",
        "action_flag": 1,
        "change_message": "[{\"added\": {}}]"
    }
},
{
    "model": "admin.logentry",
    "pk": 7,
    "fields": {
        "action_time": "2022-08-15T17:15:13.551Z",
        "user": 1,
        "content_type": 7,
        "object_id": "7",
        "object_repr": "Pattern object (7)",
        "action_flag": 1,
        "change_message": "[{\"added\": {}}]"
    }
},
{
    "model": "admin.logentry",
    "pk": 8,
    "fields": {
        "action_time": "2022-08-15T17:16:05.318Z",
        "user": 1,
        "content_type": 7,
        "object_id": "8",
        "object_repr": "Pattern object (8)",
        "action_flag": 1,
        "change_message": "[{\"added\": {}}]"
    }
},
{
    "model": "admin.logentry",
    "pk": 9,
    "fields": {
        "action_time": "2022-08-15T17:17:03.262Z",
        "user": 1,
        "content_type": 7,
        "object_id": "9",
        "object_repr": "Pattern object (9)",
        "action_flag": 1,
        "change_message": "[{\"added\": {}}]"
    }
},
{
    "model": "admin.logentry",
    "pk": 10,
    "fields": {
        "action_time": "2022-08-15T17:17:32.204Z",
        "user": 1,
        "content_type": 7,
        "object_id": "10",
        "object_repr": "Pattern object (10)",
        "action_flag": 1,
        "change_message": "[{\"added\": {}}]"
    }
},
{
    "model": "admin.logentry",
    "pk": 11,
    "fields": {
        "action_time": "2022-08-15T17:19:08.831Z",
        "user": 1,
        "content_type": 7,
        "object_id": "11",
        "object_repr": "Pattern object (11)",
        "action_flag": 1,
        "change_message": "[{\"added\": {}}]"
    }
},
{
    "model": "admin.logentry",
    "pk": 12,
    "fields": {
        "action_time": "2022-08-15T17:19:38.682Z",
        "user": 1,
        "content_type": 7,
        "object_id": "12",
        "object_repr": "Pattern object (12)",
        "action_flag": 1,
        "change_message": "[{\"added\": {}}]"
    }
},
{
    "model": "admin.logentry",
    "pk": 13,
    "fields": {
        "action_time": "2022-08-15T17:20:46.804Z",
        "user": 1,
        "content_type": 7,
        "object_id": "13",
        "object_repr": "Pattern object (13)",
        "action_flag": 1,
        "change_message": "[{\"added\": {}}]"
    }
},
{
    "model": "admin.logentry",
    "pk": 14,
    "fields": {
        "action_time": "2022-08-15T17:21:32.090Z",
        "user": 1,
        "content_type": 7,
        "object_id": "14",
        "object_repr": "Pattern object (14)",
        "action_flag": 1,
        "change_message": "[{\"added\": {}}]"
    }
},
{
    "model": "admin.logentry",
    "pk": 15,
    "fields": {
        "action_time": "2022-08-15T17:22:03.949Z",
        "user": 1,
        "content_type": 7,
        "object_id": "15",
        "object_repr": "Pattern object (15)",
        "action_flag": 1,
        "change_message": "[{\"added\": {}}]"
    }
},
{
    "model": "admin.logentry",
    "pk": 16,
    "fields": {
        "action_time": "2022-08-15T17:24:08.494Z",
        "user": 1,
        "content_type": 7,
        "object_id": "16",
        "object_repr": "Pattern object (16)",
        "action_flag": 1,
        "change_message": "[{\"added\": {}}]"
    }
},
{
    "model": "admin.logentry",
    "pk": 17,
    "fields": {
        "action_time": "2022-08-15T17:25:06.355Z",
        "user": 1,
        "content_type": 7,
        "object_id": "17",
        "object_repr": "Pattern object (17)",
        "action_flag": 1,
        "change_message": "[{\"added\": {}}]"
    }
},
{
    "model": "admin.logentry",
    "pk": 18,
    "fields": {
        "action_time": "2022-08-15T17:26:51.482Z",
        "user": 1,
        "content_type": 7,
        "object_id": "18",
        "object_repr": "Pattern object (18)",
        "action_flag": 1,
        "change_message": "[{\"added\": {}}]"
    }
},
{
    "model": "admin.logentry",
    "pk": 19,
    "fields": {
        "action_time": "2022-08-15T17:27:39.437Z",
        "user": 1,
        "content_type": 7,
        "object_id": "19",
        "object_repr": "Pattern object (19)",
        "action_flag": 1,
        "change_message": "[{\"added\": {}}]"
    }
},
{
    "model": "admin.logentry",
    "pk": 20,
    "fields": {
        "action_time": "2022-08-15T17:28:17.766Z",
        "user": 1,
        "content_type": 7,
        "object_id": "20",
        "object_repr": "Pattern object (20)",
        "action_flag": 1,
        "change_message": "[{\"added\": {}}]"
    }
},
{
    "model": "admin.logentry",
    "pk": 21,
    "fields": {
        "action_time": "2022-08-15T17:29:27.457Z",
        "user": 1,
        "content_type": 7,
        "object_id": "21",
        "object_repr": "Pattern object (21)",
        "action_flag": 1,
        "change_message": "[{\"added\": {}}]"
    }
},
{
    "model": "admin.logentry",
    "pk": 22,
    "fields": {
        "action_time": "2022-08-15T17:31:33.448Z",
        "user": 1,
        "content_type": 7,
        "object_id": "22",
        "object_repr": "Pattern object (22)",
        "action_flag": 1,
        "change_message": "[{\"added\": {}}]"
    }
},
{
    "model": "admin.logentry",
    "pk": 23,
    "fields": {
        "action_time": "2022-08-15T17:32:04.815Z",
        "user": 1,
        "content_type": 7,
        "object_id": "23",
        "object_repr": "Pattern object (23)",
        "action_flag": 1,
        "change_message": "[{\"added\": {}}]"
    }
},
{
    "model": "admin.logentry",
    "pk": 24,
    "fields": {
        "action_time": "2022-08-15T17:33:21.076Z",
        "user": 1,
        "content_type": 7,
        "object_id": "24",
        "object_repr": "Pattern object (24)",
        "action_flag": 1,
        "change_message": "[{\"added\": {}}]"
    }
},
{
    "model": "admin.logentry",
    "pk": 25,
    "fields": {
        "action_time": "2022-08-18T12:12:39.629Z",
        "user": 1,
        "content_type": 7,
        "object_id": "23",
        "object_repr": "Weasels",
        "action_flag": 2,
        "change_message": "[]"
    }
},
{
    "model": "admin.logentry",
    "pk": 26,
    "fields": {
        "action_time": "2022-10-24T12:53:36.776Z",
        "user": 1,
        "content_type": 7,
        "object_id": "24",
        "object_repr": "Whittington's",
        "action_flag": 2,
        "change_message": "[{\"changed\": {\"fields\": [\"Six\", \"Eight\"]}}]"
    }
},
{
    "model": "admin.logentry",
    "pk": 27,
    "fields": {
        "action_time": "2022-10-24T12:55:44.677Z",
        "user": 1,
        "content_type": 7,
        "object_id": "23",
        "object_repr": "Weasels",
        "action_flag": 2,
        "change_message": "[{\"changed\": {\"fields\": [\"Five\"]}}]"
    }
},
{
    "model": "admin.logentry",
    "pk": 28,
    "fields": {
        "action_time": "2022-10-24T12:56:24.099Z",
        "user": 1,
        "content_type": 7,
        "object_id": "22",
        "object_repr": "Tittums",
        "action_flag": 2,
        "change_message": "[{\"changed\": {\"fields\": [\"Five\", \"Six\", \"Eight\"]}}]"
    }
},
{
    "model": "admin.logentry",
    "pk": 29,
    "fields": {
        "action_time": "2022-10-24T12:56:41.660Z",
        "user": 1,
        "content_type": 7,
        "object_id": "21",
        "object_repr": "See Saw",
        "action_flag": 2,
        "change_message": "[{\"changed\": {\"fields\": [\"Six\", \"Eight\"]}}]"
    }
},
{
    "model": "admin.logentry",
    "pk": 30,
    "fields": {
        "action_time": "2022-10-24T12:56:54.427Z",
        "user": 1,
        "content_type": 7,
        "object_id": "20",
        "object_repr": "St Michael's",
        "action_flag": 2,
        "change_message": "[{\"changed\": {\"fields\": [\"Eight\"]}}]"
    }
},
{
    "model": "admin.logentry",
    "pk": 31,
    "fields": {
        "action_time": "2022-10-24T12:57:45.011Z",
        "user": 1,
        "content_type": 7,
        "object_id": "19",
        "object_repr": "Rounds",
        "action_flag": 2,
        "change_message": "[{\"changed\": {\"fields\": [\"History\", \"Four\", \"Five\", \"Six\", \"Seven\", \"Eight\"]}}]"
    }
},
{
    "model": "admin.logentry",
    "pk": 32,
    "fields": {
        "action_time": "2022-10-24T12:59:16.953Z",
        "user": 1,
        "content_type": 7,
        "object_id": "1",
        "object_repr": "The Arches",
        "action_flag": 2,
        "change_message": "[{\"changed\": {\"fields\": [\"Eight\"]}}]"
    }
},
{
    "model": "admin.logentry",
    "pk": 33,
    "fields": {
        "action_time": "2022-10-24T12:59:50.954Z",
        "user": 1,
        "content_type": 7,
        "object_id": "2",
        "object_repr": "Back Rounds",
        "action_flag": 2,
        "change_message": "[{\"changed\": {\"fields\": [\"Five\", \"Six\", \"Seven\", \"Eight\"]}}]"
    }
},
{
    "model": "admin.logentry",
    "pk": 34,
    "fields": {
        "action_time": "2022-10-24T13:00:16.385Z",
        "user": 1,
        "content_type": 7,
        "object_id": "3",
        "object_repr": "Bowbells",
        "action_flag": 2,
        "change_message": "[{\"changed\": {\"fields\": [\"Eight\"]}}]"
    }
},
{
    "model": "admin.logentry",
    "pk": 35,
    "fields": {
        "action_time": "2022-10-24T13:00:51.507Z",
        "user": 1,
        "content_type": 7,
        "object_id": "4",
        "object_repr": "Burdette",
        "action_flag": 2,
        "change_message": "[{\"changed\": {\"fields\": [\"History\", \"Six\", \"Eight\"]}}]"
    }
},
{
    "model": "admin.logentry",
    "pk": 36,
    "fields": {
        "action_time": "2022-10-24T13:01:11.315Z",
        "user": 1,
        "content_type": 7,
        "object_id": "5",
        "object_repr": "Exploding Tittums",
        "action_flag": 2,
        "change_message": "[{\"changed\": {\"fields\": [\"Six\", \"Eight\"]}}]"
    }
},
{
    "model": "admin.logentry",
    "pk": 37,
    "fields": {
        "action_time": "2022-10-24T13:01:26.175Z",
        "user": 1,
        "content_type": 7,
        "object_id": "6",
        "object_repr": "Hagdyke",
        "action_flag": 2,
        "change_message": "[{\"changed\": {\"fields\": [\"Six\", \"Eight\"]}}]"
    }
},
{
    "model": "admin.logentry",
    "pk": 38,
    "fields": {
        "action_time": "2022-10-24T13:01:42.739Z",
        "user": 1,
        "content_type": 7,
        "object_id": "8",
        "object_repr": "Jacks",
        "action_flag": 2,
        "change_message": "[{\"changed\": {\"fields\": [\"Six\", \"Eight\"]}}]"
    }
},
{
    "model": "admin.logentry",
    "pk": 39,
    "fields": {
        "action_time": "2022-10-24T13:02:04.835Z",
        "user": 1,
        "content_type": 7,
        "object_id": "9",
        "object_repr": "Jokers",
        "action_flag": 2,
        "change_message": "[{\"changed\": {\"fields\": [\"Five\", \"Six\", \"Eight\"]}}]"
    }
},
{
    "model": "admin.logentry",
    "pk": 40,
    "fields": {
        "action_time": "2022-10-24T13:02:21.664Z",
        "user": 1,
        "content_type": 7,
        "object_id": "10",
        "object_repr": "Kennet",
        "action_flag": 2,
        "change_message": "[{\"changed\": {\"fields\": [\"Six\"]}}]"
    }
},
{
    "model": "admin.logentry",
    "pk": 41,
    "fields": {
        "action_time": "2022-10-24T13:02:42.773Z",
        "user": 1,
        "content_type": 7,
        "object_id": "11",
        "object_repr": "Kings",
        "action_flag": 2,
        "change_message": "[{\"changed\": {\"fields\": [\"Five\", \"Six\", \"Eight\"]}}]"
    }
},
{
    "model": "admin.logentry",
    "pk": 42,
    "fields": {
        "action_time": "2022-10-24T13:02:53.924Z",
        "user": 1,
        "content_type": 7,
        "object_id": "12",
        "object_repr": "Preston Guild",
        "action_flag": 2,
        "change_message": "[{\"changed\": {\"fields\": [\"Six\"]}}]"
    }
},
{
    "model": "admin.logentry",
    "pk": 43,
    "fields": {
        "action_time": "2022-10-24T13:03:08.633Z",
        "user": 1,
        "content_type": 7,
        "object_id": "14",
        "object_repr": "Princes",
        "action_flag": 2,
        "change_message": "[{\"changed\": {\"fields\": [\"Six\", \"Eight\"]}}]"
    }
},
{
    "model": "admin.logentry",
    "pk": 44,
    "fields": {
        "action_time": "2022-10-24T13:03:18.568Z",
        "user": 1,
        "content_type": 7,
        "object_id": "15",
        "object_repr": "Princesses",
        "action_flag": 2,
        "change_message": "[{\"changed\": {\"fields\": [\"Eight\"]}}]"
    }
},
{
    "model": "admin.logentry",
    "pk": 45,
    "fields": {
        "action_time": "2022-10-24T13:03:33.174Z",
        "user": 1,
        "content_type": 7,
        "object_id": "13",
        "object_repr": "Priory",
        "action_flag": 2,
        "change_message": "[{\"changed\": {\"fields\": [\"Six\", \"Eight\"]}}]"
    }
},
{
    "model": "admin.logentry",
    "pk": 46,
    "fields": {
        "action_time": "2022-10-24T13:03:56.980Z",
        "user": 1,
        "content_type": 7,
        "object_id": "16",
        "object_repr": "Queens",
        "action_flag": 2,
        "change_message": "[{\"changed\": {\"fields\": [\"Five\", \"Six\", \"Seven\", \"Eight\"]}}]"
    }
},
{
    "model": "admin.logentry",
    "pk": 47,
    "fields": {
        "action_time": "2022-10-24T13:04:21.306Z",
        "user": 1,
        "content_type": 7,
        "object_id": "18",
        "object_repr": "Roll-Up",
        "action_flag": 2,
        "change_message": "[{\"changed\": {\"fields\": [\"Five\", \"Six\", \"Seven\", \"Eight\"]}}]"
    }
},
{
    "model": "admin.logentry",
    "pk": 48,
    "fields": {
        "action_time": "2022-10-24T13:04:34.640Z",
        "user": 1,
        "content_type": 7,
        "object_id": "17",
        "object_repr": "Roller Coaster",
        "action_flag": 2,
        "change_message": "[{\"changed\": {\"fields\": [\"Seven\", \"Eight\"]}}]"
    }
},
{
    "model": "admin.logentry",
    "pk": 49,
    "fields": {
        "action_time": "2022-10-24T13:04:59.498Z",
        "user": 1,
        "content_type": 7,
        "object_id": "7",
        "object_repr": "The Intermediate",
        "action_flag": 2,
        "change_message": "[{\"changed\": {\"fields\": [\"Name\", \"Six\", \"Eight\"]}}]"
    }
},
{
    "model": "admin.logentry",
    "pk": 50,
    "fields": {
        "action_time": "2022-10-24T13:42:13.845Z",
        "user": 1,
        "content_type": 8,
        "object_id": "1",
        "object_repr": "Tower object (1)",
        "action_flag": 1,
        "change_message": "[{\"added\": {}}]"
    }
},
{
    "model": "admin.logentry",
    "pk": 51,
    "fields": {
        "action_time": "2022-10-24T14:07:34.098Z",
        "user": 1,
        "content_type": 9,
        "object_id": "1",
        "object_repr": "Bell object (1)",
        "action_flag": 1,
        "change_message": "[{\"added\": {}}]"
    }
},
{
    "model": "admin.logentry",
    "pk": 52,
    "fields": {
        "action_time": "2022-10-24T14:07:53.411Z",
        "user": 1,
        "content_type": 9,
        "object_id": "1",
        "object_repr": "Bell object (1)",
        "action_flag": 2,
        "change_message": "[{\"changed\": {\"fields\": [\"Note\"]}}]"
    }
},
{
    "model": "admin.logentry",
    "pk": 53,
    "fields": {
        "action_time": "2022-10-24T14:08:17.982Z",
        "user": 1,
        "content_type": 9,
        "object_id": "2",
        "object_repr": "Bell object (2)",
        "action_flag": 1,
        "change_message": "[{\"added\": {}}]"
    }
},
{
    "model": "admin.logentry",
    "pk": 54,
    "fields": {
        "action_time": "2022-10-24T14:08:32.626Z",
        "user": 1,
        "content_type": 9,
        "object_id": "2",
        "object_repr": "Bell object (2)",
        "action_flag": 2,
        "change_message": "[{\"changed\": {\"fields\": [\"Note\"]}}]"
    }
},
{
    "model": "admin.logentry",
    "pk": 55,
    "fields": {
        "action_time": "2022-10-24T14:09:19.765Z",
        "user": 1,
        "content_type": 9,
        "object_id": "3",
        "object_repr": "Bell object (3)",
        "action_flag": 1,
        "change_message": "[{\"added\": {}}]"
    }
},
{
    "model": "admin.logentry",
    "pk": 56,
    "fields": {
        "action_time": "2022-10-24T14:09:39.320Z",
        "user": 1,
        "content_type": 9,
        "object_id": "4",
        "object_repr": "Bell object (4)",
        "action_flag": 1,
        "change_message": "[{\"added\": {}}]"
    }
},
{
    "model": "admin.logentry",
    "pk": 57,
    "fields": {
        "action_time": "2022-10-24T14:09:59.533Z",
        "user": 1,
        "content_type": 9,
        "object_id": "5",
        "object_repr": "Bell object (5)",
        "action_flag": 1,
        "change_message": "[{\"added\": {}}]"
    }
},
{
    "model": "admin.logentry",
    "pk": 58,
    "fields": {
        "action_time": "2022-10-24T14:10:16.583Z",
        "user": 1,
        "content_type": 9,
        "object_id": "6",
        "object_repr": "Bell object (6)",
        "action_flag": 1,
        "change_message": "[{\"added\": {}}]"
    }
},
{
    "model": "admin.logentry",
    "pk": 59,
    "fields": {
        "action_time": "2022-10-24T14:10:36.153Z",
        "user": 1,
        "content_type": 9,
        "object_id": "7",
        "object_repr": "Bell object (7)",
        "action_flag": 1,
        "change_message": "[{\"added\": {}}]"
    }
},
{
    "model": "admin.logentry",
    "pk": 60,
    "fields": {
        "action_time": "2022-10-24T14:11:00.420Z",
        "user": 1,
        "content_type": 9,
        "object_id": "8",
        "object_repr": "Bell object (8)",
        "action_flag": 1,
        "change_message": "[{\"added\": {}}]"
    }
},
{
    "model": "admin.logentry",
    "pk": 61,
    "fields": {
        "action_time": "2023-01-19T12:48:45.689Z",
        "user": 2,
        "content_type": 4,
        "object_id": "1",
        "object_repr": "wyleu",
        "action_flag": 2,
        "change_message": "[{\"changed\": {\"fields\": [\"password\"]}}]"
    }
},
{
    "model": "admin.logentry",
    "pk": 62,
    "fields": {
        "action_time": "2023-01-23T22:18:22.272Z",
        "user": 2,
        "content_type": 7,
        "object_id": "1",
        "object_repr": "The Arches",
        "action_flag": 2,
        "change_message": "[{\"changed\": {\"fields\": [\"History\", \"Seven\", \"Eight\"]}}]"
    }
},
{
    "model": "admin.logentry",
    "pk": 63,
    "fields": {
        "action_time": "2023-01-25T13:55:02.675Z",
        "user": 1,
        "content_type": 10,
        "object_id": "1",
        "object_repr": "Snooker",
        "action_flag": 1,
        "change_message": "[{\"added\": {}}]"
    }
},
{
    "model": "admin.logentry",
    "pk": 64,
    "fields": {
        "action_time": "2023-01-25T13:59:02.722Z",
        "user": 1,
        "content_type": 11,
        "object_id": "1",
        "object_repr": "Red",
        "action_flag": 1,
        "change_message": "[{\"added\": {}}]"
    }
},
{
    "model": "admin.logentry",
    "pk": 65,
    "fields": {
        "action_time": "2023-01-25T13:59:24.662Z",
        "user": 1,
        "content_type": 11,
        "object_id": "2",
        "object_repr": "Yellow",
        "action_flag": 1,
        "change_message": "[{\"added\": {}}]"
    }
},
{
    "model": "admin.logentry",
    "pk": 66,
    "fields": {
        "action_time": "2023-01-25T14:00:34.175Z",
        "user": 1,
        "content_type": 11,
        "object_id": "3",
        "object_repr": "Green",
        "action_flag": 1,
        "change_message": "[{\"added\": {}}]"
    }
},
{
    "model": "admin.logentry",
    "pk": 67,
    "fields": {
        "action_time": "2023-01-25T14:08:17.261Z",
        "user": 1,
        "content_type": 11,
        "object_id": "4",
        "object_repr": "Brown",
        "action_flag": 1,
        "change_message": "[{\"added\": {}}]"
    }
},
{
    "model": "admin.logentry",
    "pk": 68,
    "fields": {
        "action_time": "2023-01-25T14:08:45.441Z",
        "user": 1,
        "content_type": 11,
        "object_id": "5",
        "object_repr": "blue",
        "action_flag": 1,
        "change_message": "[{\"added\": {}}]"
    }
},
{
    "model": "admin.logentry",
    "pk": 69,
    "fields": {
        "action_time": "2023-01-25T14:09:22.504Z",
        "user": 1,
        "content_type": 11,
        "object_id": "6",
        "object_repr": "Pink",
        "action_flag": 1,
        "change_message": "[{\"added\": {}}]"
    }
},
{
    "model": "admin.logentry",
    "pk": 70,
    "fields": {
        "action_time": "2023-01-25T14:09:58.563Z",
        "user": 1,
        "content_type": 11,
        "object_id": "7",
        "object_repr": "Black",
        "action_flag": 1,
        "change_message": "[{\"added\": {}}]"
    }
},
{
    "model": "admin.logentry",
    "pk": 71,
    "fields": {
        "action_time": "2023-01-25T14:10:15.730Z",
        "user": 1,
        "content_type": 11,
        "object_id": "8",
        "object_repr": "White",
        "action_flag": 1,
        "change_message": "[{\"added\": {}}]"
    }
},
{
    "model": "admin.logentry",
    "pk": 72,
    "fields": {
        "action_time": "2023-01-25T14:12:49.264Z",
        "user": 1,
        "content_type": 10,
        "object_id": "2",
        "object_repr": "Resistors",
        "action_flag": 1,
        "change_message": "[{\"added\": {}}]"
    }
},
{
    "model": "admin.logentry",
    "pk": 73,
    "fields": {
        "action_time": "2023-01-25T14:17:13.801Z",
        "user": 1,
        "content_type": 11,
        "object_id": "9",
        "object_repr": "Black",
        "action_flag": 1,
        "change_message": "[{\"added\": {}}]"
    }
},
{
    "model": "admin.logentry",
    "pk": 74,
    "fields": {
        "action_time": "2023-01-25T14:17:31.928Z",
        "user": 1,
        "content_type": 11,
        "object_id": "10",
        "object_repr": "Brown",
        "action_flag": 1,
        "change_message": "[{\"added\": {}}]"
    }
},
{
    "model": "admin.logentry",
    "pk": 75,
    "fields": {
        "action_time": "2023-01-25T14:18:04.464Z",
        "user": 1,
        "content_type": 11,
        "object_id": "11",
        "object_repr": "Red",
        "action_flag": 1,
        "change_message": "[{\"added\": {}}]"
    }
},
{
    "model": "admin.logentry",
    "pk": 76,
    "fields": {
        "action_time": "2023-01-25T14:18:46.466Z",
        "user": 1,
        "content_type": 11,
        "object_id": "12",
        "object_repr": "Orange",
        "action_flag": 1,
        "change_message": "[{\"added\": {}}]"
    }
},
{
    "model": "admin.logentry",
    "pk": 77,
    "fields": {
        "action_time": "2023-01-25T14:19:07.625Z",
        "user": 1,
        "content_type": 11,
        "object_id": "13",
        "object_repr": "Yellow",
        "action_flag": 1,
        "change_message": "[{\"added\": {}}]"
    }
},
{
    "model": "admin.logentry",
    "pk": 78,
    "fields": {
        "action_time": "2023-01-25T14:19:34.640Z",
        "user": 1,
        "content_type": 11,
        "object_id": "14",
        "object_repr": "Green",
        "action_flag": 1,
        "change_message": "[{\"added\": {}}]"
    }
},
{
    "model": "admin.logentry",
    "pk": 79,
    "fields": {
        "action_time": "2023-01-25T14:20:18.560Z",
        "user": 1,
        "content_type": 11,
        "object_id": "15",
        "object_repr": "Blue",
        "action_flag": 1,
        "change_message": "[{\"added\": {}}]"
    }
},
{
    "model": "admin.logentry",
    "pk": 80,
    "fields": {
        "action_time": "2023-01-25T14:20:55.683Z",
        "user": 1,
        "content_type": 11,
        "object_id": "16",
        "object_repr": "Indigo",
        "action_flag": 1,
        "change_message": "[{\"added\": {}}]"
    }
},
{
    "model": "admin.logentry",
    "pk": 81,
    "fields": {
        "action_time": "2023-01-25T14:21:14.417Z",
        "user": 1,
        "content_type": 11,
        "object_id": "17",
        "object_repr": "Violet",
        "action_flag": 1,
        "change_message": "[{\"added\": {}}]"
    }
},
{
    "model": "admin.logentry",
    "pk": 82,
    "fields": {
        "action_time": "2023-01-25T14:21:29.779Z",
        "user": 1,
        "content_type": 11,
        "object_id": "18",
        "object_repr": "Grey",
        "action_flag": 1,
        "change_message": "[{\"added\": {}}]"
    }
},
{
    "model": "admin.logentry",
    "pk": 83,
    "fields": {
        "action_time": "2023-01-25T14:21:42.905Z",
        "user": 1,
        "content_type": 11,
        "object_id": "19",
        "object_repr": "White",
        "action_flag": 1,
        "change_message": "[{\"added\": {}}]"
    }
},
{
    "model": "admin.logentry",
    "pk": 84,
    "fields": {
        "action_time": "2023-01-25T14:37:04.037Z",
        "user": 1,
        "content_type": 10,
        "object_id": "2",
        "object_repr": "Resistors",
        "action_flag": 2,
        "change_message": "[{\"changed\": {\"fields\": [\"Back\", \"Fore\"]}}]"
    }
},
{
    "model": "admin.logentry",
    "pk": 85,
    "fields": {
        "action_time": "2023-02-06T12:34:46.664Z",
        "user": 1,
        "content_type": 7,
        "object_id": "19",
        "object_repr": "Rounds",
        "action_flag": 2,
        "change_message": "[{\"changed\": {\"fields\": [\"Order\"]}}]"
    }
},
{
    "model": "admin.logentry",
    "pk": 86,
    "fields": {
        "action_time": "2023-02-06T13:43:37.918Z",
        "user": 1,
        "content_type": 12,
        "object_id": "1",
        "object_repr": "From:Rounds To:Tittums",
        "action_flag": 1,
        "change_message": "[{\"added\": {}}]"
    }
},
{
    "model": "admin.logentry",
    "pk": 87,
    "fields": {
        "action_time": "2023-02-06T13:48:28.884Z",
        "user": 1,
        "content_type": 7,
        "object_id": "19",
        "object_repr": "Rounds",
        "action_flag": 2,
        "change_message": "[]"
    }
},
{
    "model": "admin.logentry",
    "pk": 88,
    "fields": {
        "action_time": "2023-02-06T13:49:50.797Z",
        "user": 1,
        "content_type": 7,
        "object_id": "25",
        "object_repr": "Rounds",
        "action_flag": 1,
        "change_message": "[{\"added\": {}}]"
    }
},
{
    "model": "admin.logentry",
    "pk": 89,
    "fields": {
        "action_time": "2023-02-06T13:50:32.708Z",
        "user": 1,
        "content_type": 7,
        "object_id": "25",
        "object_repr": "Rounds",
        "action_flag": 2,
        "change_message": "[{\"changed\": {\"fields\": [\"Order\"]}}]"
    }
},
{
    "model": "admin.logentry",
    "pk": 90,
    "fields": {
        "action_time": "2023-02-06T13:50:53.854Z",
        "user": 1,
        "content_type": 7,
        "object_id": "25",
        "object_repr": "Rounds",
        "action_flag": 2,
        "change_message": "[]"
    }
},
{
    "model": "admin.logentry",
    "pk": 91,
    "fields": {
        "action_time": "2023-02-06T13:51:24.741Z",
        "user": 1,
        "content_type": 7,
        "object_id": "26",
        "object_repr": "Rounds",
        "action_flag": 1,
        "change_message": "[{\"added\": {}}]"
    }
},
{
    "model": "admin.logentry",
    "pk": 92,
    "fields": {
        "action_time": "2023-02-06T13:52:01.626Z",
        "user": 1,
        "content_type": 7,
        "object_id": "26",
        "object_repr": "Rounds",
        "action_flag": 2,
        "change_message": "[]"
    }
},
{
    "model": "admin.logentry",
    "pk": 93,
    "fields": {
        "action_time": "2023-02-06T13:52:32.047Z",
        "user": 1,
        "content_type": 7,
        "object_id": "27",
        "object_repr": "Rounds",
        "action_flag": 1,
        "change_message": "[{\"added\": {}}]"
    }
},
{
    "model": "admin.logentry",
    "pk": 94,
    "fields": {
        "action_time": "2023-02-06T13:53:09.828Z",
        "user": 1,
        "content_type": 7,
        "object_id": "28",
        "object_repr": "Rounds",
        "action_flag": 1,
        "change_message": "[{\"added\": {}}]"
    }
},
{
    "model": "admin.logentry",
    "pk": 95,
    "fields": {
        "action_time": "2023-02-06T13:54:40.769Z",
        "user": 1,
        "content_type": 7,
        "object_id": "24",
        "object_repr": "Whittington's",
        "action_flag": 2,
        "change_message": "[]"
    }
},
{
    "model": "admin.logentry",
    "pk": 96,
    "fields": {
        "action_time": "2023-02-06T13:55:16.248Z",
        "user": 1,
        "content_type": 7,
        "object_id": "24",
        "object_repr": "Whittington's",
        "action_flag": 2,
        "change_message": "[{\"changed\": {\"fields\": [\"Pattern\"]}}]"
    }
},
{
    "model": "admin.logentry",
    "pk": 97,
    "fields": {
        "action_time": "2023-02-06T13:55:32.006Z",
        "user": 1,
        "content_type": 7,
        "object_id": "24",
        "object_repr": "Whittington's",
        "action_flag": 2,
        "change_message": "[]"
    }
},
{
    "model": "admin.logentry",
    "pk": 98,
    "fields": {
        "action_time": "2023-02-06T13:56:43.649Z",
        "user": 1,
        "content_type": 7,
        "object_id": "29",
        "object_repr": "Whittington's",
        "action_flag": 1,
        "change_message": "[{\"added\": {}}]"
    }
},
{
    "model": "admin.logentry",
    "pk": 99,
    "fields": {
        "action_time": "2023-02-06T13:57:08.805Z",
        "user": 1,
        "content_type": 7,
        "object_id": "24",
        "object_repr": "Whittington's",
        "action_flag": 2,
        "change_message": "[{\"changed\": {\"fields\": [\"Order\"]}}]"
    }
},
{
    "model": "admin.logentry",
    "pk": 100,
    "fields": {
        "action_time": "2023-02-06T13:57:46.076Z",
        "user": 1,
        "content_type": 7,
        "object_id": "23",
        "object_repr": "Weasels",
        "action_flag": 2,
        "change_message": "[{\"changed\": {\"fields\": [\"Pattern\"]}}]"
    }
},
{
    "model": "admin.logentry",
    "pk": 101,
    "fields": {
        "action_time": "2023-02-06T13:58:07.660Z",
        "user": 1,
        "content_type": 7,
        "object_id": "23",
        "object_repr": "Weasels",
        "action_flag": 2,
        "change_message": "[{\"changed\": {\"fields\": [\"Order\"]}}]"
    }
},
{
    "model": "admin.logentry",
    "pk": 102,
    "fields": {
        "action_time": "2023-02-06T13:58:57.257Z",
        "user": 1,
        "content_type": 7,
        "object_id": "19",
        "object_repr": "Rounds",
        "action_flag": 2,
        "change_message": "[{\"changed\": {\"fields\": [\"Pattern\"]}}]"
    }
},
{
    "model": "admin.logentry",
    "pk": 103,
    "fields": {
        "action_time": "2023-02-06T14:00:57.161Z",
        "user": 1,
        "content_type": 7,
        "object_id": "22",
        "object_repr": "Tittums",
        "action_flag": 2,
        "change_message": "[{\"changed\": {\"fields\": [\"Pattern\", \"Order\"]}}]"
    }
},
{
    "model": "admin.logentry",
    "pk": 104,
    "fields": {
        "action_time": "2023-02-06T14:01:27.928Z",
        "user": 1,
        "content_type": 7,
        "object_id": "22",
        "object_repr": "Tittums",
        "action_flag": 2,
        "change_message": "[]"
    }
},
{
    "model": "admin.logentry",
    "pk": 105,
    "fields": {
        "action_time": "2023-02-06T14:02:01.795Z",
        "user": 1,
        "content_type": 7,
        "object_id": "30",
        "object_repr": "Titums",
        "action_flag": 1,
        "change_message": "[{\"added\": {}}]"
    }
},
{
    "model": "admin.logentry",
    "pk": 106,
    "fields": {
        "action_time": "2023-02-06T16:01:50.119Z",
        "user": 1,
        "content_type": 7,
        "object_id": "28",
        "object_repr": "Rounds on 7",
        "action_flag": 2,
        "change_message": "[{\"changed\": {\"fields\": [\"Name\"]}}]"
    }
},
{
    "model": "admin.logentry",
    "pk": 107,
    "fields": {
        "action_time": "2023-02-06T16:02:00.550Z",
        "user": 1,
        "content_type": 7,
        "object_id": "27",
        "object_repr": "Rounds on 6",
        "action_flag": 2,
        "change_message": "[{\"changed\": {\"fields\": [\"Name\"]}}]"
    }
},
{
    "model": "admin.logentry",
    "pk": 108,
    "fields": {
        "action_time": "2023-02-06T16:02:11.625Z",
        "user": 1,
        "content_type": 7,
        "object_id": "26",
        "object_repr": "Rounds on 5",
        "action_flag": 2,
        "change_message": "[{\"changed\": {\"fields\": [\"Name\"]}}]"
    }
},
{
    "model": "admin.logentry",
    "pk": 109,
    "fields": {
        "action_time": "2023-02-06T16:02:23.319Z",
        "user": 1,
        "content_type": 7,
        "object_id": "25",
        "object_repr": "Rounds on 4",
        "action_flag": 2,
        "change_message": "[{\"changed\": {\"fields\": [\"Name\"]}}]"
    }
},
{
    "model": "admin.logentry",
    "pk": 110,
    "fields": {
        "action_time": "2023-02-06T16:02:36.188Z",
        "user": 1,
        "content_type": 7,
        "object_id": "30",
        "object_repr": "Titums on 6",
        "action_flag": 2,
        "change_message": "[{\"changed\": {\"fields\": [\"Name\"]}}]"
    }
},
{
    "model": "admin.logentry",
    "pk": 111,
    "fields": {
        "action_time": "2023-02-06T16:03:11.809Z",
        "user": 1,
        "content_type": 7,
        "object_id": "22",
        "object_repr": "Tittums on 5",
        "action_flag": 2,
        "change_message": "[{\"changed\": {\"fields\": [\"Name\"]}}]"
    }
},
{
    "model": "admin.logentry",
    "pk": 112,
    "fields": {
        "action_time": "2023-02-06T16:03:33.463Z",
        "user": 1,
        "content_type": 7,
        "object_id": "24",
        "object_repr": "Whittington's On 6",
        "action_flag": 2,
        "change_message": "[{\"changed\": {\"fields\": [\"Name\"]}}]"
    }
},
{
    "model": "admin.logentry",
    "pk": 113,
    "fields": {
        "action_time": "2023-02-06T16:14:05.623Z",
        "user": 1,
        "content_type": 12,
        "object_id": "1",
        "object_repr": "From:Rounds on 6 To:Titums on 6",
        "action_flag": 2,
        "change_message": "[{\"changed\": {\"fields\": [\"From pat\", \"To pat\"]}}]"
    }
},
{
    "model": "admin.logentry",
    "pk": 114,
    "fields": {
        "action_time": "2023-02-06T16:25:12.125Z",
        "user": 1,
        "content_type": 12,
        "object_id": "2",
        "object_repr": "From:Rounds on 6 To:Whittington's On 6",
        "action_flag": 1,
        "change_message": "[{\"added\": {}}]"
    }
},
{
    "model": "admin.logentry",
    "pk": 115,
    "fields": {
        "action_time": "2023-02-06T16:37:53.528Z",
        "user": 1,
        "content_type": 12,
        "object_id": "3",
        "object_repr": "From:Titums on 6 To:Rounds on 6",
        "action_flag": 1,
        "change_message": "[{\"added\": {}}]"
    }
},
{
    "model": "admin.logentry",
    "pk": 116,
    "fields": {
        "action_time": "2023-02-06T17:45:19.355Z",
        "user": 1,
        "content_type": 7,
        "object_id": "21",
        "object_repr": "See Saw on 6",
        "action_flag": 2,
        "change_message": "[{\"changed\": {\"fields\": [\"Name\", \"Pattern\"]}}]"
    }
},
{
    "model": "admin.logentry",
    "pk": 117,
    "fields": {
        "action_time": "2023-02-06T17:45:48.116Z",
        "user": 1,
        "content_type": 7,
        "object_id": "21",
        "object_repr": "See Saw on 6",
        "action_flag": 2,
        "change_message": "[]"
    }
},
{
    "model": "admin.logentry",
    "pk": 118,
    "fields": {
        "action_time": "2023-02-06T17:46:19.042Z",
        "user": 1,
        "content_type": 7,
        "object_id": "38",
        "object_repr": "Sew Saw on 8",
        "action_flag": 1,
        "change_message": "[{\"added\": {}}]"
    }
},
{
    "model": "admin.logentry",
    "pk": 119,
    "fields": {
        "action_time": "2023-02-06T17:47:51.040Z",
        "user": 1,
        "content_type": 7,
        "object_id": "20",
        "object_repr": "St Michael's",
        "action_flag": 2,
        "change_message": "[{\"changed\": {\"fields\": [\"Pattern\"]}}]"
    }
},
{
    "model": "admin.logentry",
    "pk": 120,
    "fields": {
        "action_time": "2023-02-06T17:48:45.977Z",
        "user": 1,
        "content_type": 7,
        "object_id": "18",
        "object_repr": "Roll-Up on 5",
        "action_flag": 2,
        "change_message": "[{\"changed\": {\"fields\": [\"Name\", \"Pattern\"]}}]"
    }
},
{
    "model": "admin.logentry",
    "pk": 121,
    "fields": {
        "action_time": "2023-02-06T17:49:06.988Z",
        "user": 1,
        "content_type": 7,
        "object_id": "19",
        "object_repr": "Rounds",
        "action_flag": 2,
        "change_message": "[]"
    }
},
{
    "model": "admin.logentry",
    "pk": 122,
    "fields": {
        "action_time": "2023-02-06T17:50:22.459Z",
        "user": 1,
        "content_type": 7,
        "object_id": "18",
        "object_repr": "Roll-Up on 5",
        "action_flag": 2,
        "change_message": "[{\"changed\": {\"fields\": [\"History\"]}}]"
    }
},
{
    "model": "admin.logentry",
    "pk": 123,
    "fields": {
        "action_time": "2023-02-06T17:50:46.657Z",
        "user": 1,
        "content_type": 7,
        "object_id": "39",
        "object_repr": "Roll-Up on 6",
        "action_flag": 1,
        "change_message": "[{\"added\": {}}]"
    }
},
{
    "model": "admin.logentry",
    "pk": 124,
    "fields": {
        "action_time": "2023-02-06T17:51:06.077Z",
        "user": 1,
        "content_type": 7,
        "object_id": "39",
        "object_repr": "Roll-Up on 6",
        "action_flag": 2,
        "change_message": "[]"
    }
},
{
    "model": "admin.logentry",
    "pk": 125,
    "fields": {
        "action_time": "2023-02-06T17:51:36.943Z",
        "user": 1,
        "content_type": 7,
        "object_id": "40",
        "object_repr": "Roll-Up on 7",
        "action_flag": 1,
        "change_message": "[{\"added\": {}}]"
    }
},
{
    "model": "admin.logentry",
    "pk": 126,
    "fields": {
        "action_time": "2023-02-06T17:53:47.936Z",
        "user": 1,
        "content_type": 7,
        "object_id": "30",
        "object_repr": "Titums on 6",
        "action_flag": 2,
        "change_message": "[]"
    }
},
{
    "model": "admin.logentry",
    "pk": 127,
    "fields": {
        "action_time": "2023-02-06T17:53:59.564Z",
        "user": 1,
        "content_type": 7,
        "object_id": "29",
        "object_repr": "Whittington's",
        "action_flag": 2,
        "change_message": "[]"
    }
},
{
    "model": "admin.logentry",
    "pk": 128,
    "fields": {
        "action_time": "2023-02-06T17:54:26.233Z",
        "user": 1,
        "content_type": 7,
        "object_id": "1",
        "object_repr": "The Arches",
        "action_flag": 2,
        "change_message": "[{\"changed\": {\"fields\": [\"Pattern\"]}}]"
    }
},
{
    "model": "admin.logentry",
    "pk": 129,
    "fields": {
        "action_time": "2023-02-06T17:54:56.728Z",
        "user": 1,
        "content_type": 7,
        "object_id": "2",
        "object_repr": "Back Rounds",
        "action_flag": 2,
        "change_message": "[{\"changed\": {\"fields\": [\"History\"]}}]"
    }
},
{
    "model": "admin.logentry",
    "pk": 130,
    "fields": {
        "action_time": "2023-02-06T17:55:19.731Z",
        "user": 1,
        "content_type": 7,
        "object_id": "2",
        "object_repr": "Back Rounds on 8",
        "action_flag": 2,
        "change_message": "[{\"changed\": {\"fields\": [\"Name\", \"Pattern\"]}}]"
    }
},
{
    "model": "admin.logentry",
    "pk": 131,
    "fields": {
        "action_time": "2023-02-06T17:57:02.679Z",
        "user": 1,
        "content_type": 7,
        "object_id": "28",
        "object_repr": "Rounds on 7",
        "action_flag": 2,
        "change_message": "[]"
    }
},
{
    "model": "admin.logentry",
    "pk": 132,
    "fields": {
        "action_time": "2023-02-06T17:57:12.744Z",
        "user": 1,
        "content_type": 7,
        "object_id": "27",
        "object_repr": "Rounds on 6",
        "action_flag": 2,
        "change_message": "[]"
    }
},
{
    "model": "admin.logentry",
    "pk": 133,
    "fields": {
        "action_time": "2023-02-06T17:57:21.412Z",
        "user": 1,
        "content_type": 7,
        "object_id": "26",
        "object_repr": "Rounds on 5",
        "action_flag": 2,
        "change_message": "[]"
    }
},
{
    "model": "admin.logentry",
    "pk": 134,
    "fields": {
        "action_time": "2023-02-06T17:58:13.549Z",
        "user": 1,
        "content_type": 7,
        "object_id": "7",
        "object_repr": "The Intermediate",
        "action_flag": 2,
        "change_message": "[{\"changed\": {\"fields\": [\"History\"]}}]"
    }
},
{
    "model": "admin.logentry",
    "pk": 135,
    "fields": {
        "action_time": "2023-02-06T17:58:35.530Z",
        "user": 1,
        "content_type": 7,
        "object_id": "7",
        "object_repr": "The Intermediate",
        "action_flag": 2,
        "change_message": "[{\"changed\": {\"fields\": [\"Pattern\"]}}]"
    }
},
{
    "model": "admin.logentry",
    "pk": 136,
    "fields": {
        "action_time": "2023-02-06T17:58:50.115Z",
        "user": 1,
        "content_type": 7,
        "object_id": "7",
        "object_repr": "The Intermediate",
        "action_flag": 2,
        "change_message": "[]"
    }
},
{
    "model": "admin.logentry",
    "pk": 137,
    "fields": {
        "action_time": "2023-02-06T17:59:06.644Z",
        "user": 1,
        "content_type": 7,
        "object_id": "41",
        "object_repr": "The Intermediate",
        "action_flag": 1,
        "change_message": "[{\"added\": {}}]"
    }
},
{
    "model": "admin.logentry",
    "pk": 138,
    "fields": {
        "action_time": "2023-02-06T17:59:22.563Z",
        "user": 1,
        "content_type": 7,
        "object_id": "24",
        "object_repr": "Whittington's",
        "action_flag": 2,
        "change_message": "[{\"changed\": {\"fields\": [\"Name\"]}}]"
    }
},
{
    "model": "admin.logentry",
    "pk": 139,
    "fields": {
        "action_time": "2023-02-06T18:12:03.259Z",
        "user": 1,
        "content_type": 7,
        "object_id": "11",
        "object_repr": "Kings",
        "action_flag": 2,
        "change_message": "[{\"changed\": {\"fields\": [\"History\", \"Pattern\"]}}]"
    }
},
{
    "model": "admin.logentry",
    "pk": 140,
    "fields": {
        "action_time": "2023-02-06T18:12:04.215Z",
        "user": 1,
        "content_type": 7,
        "object_id": "11",
        "object_repr": "Kings",
        "action_flag": 2,
        "change_message": "[]"
    }
},
{
    "model": "admin.logentry",
    "pk": 141,
    "fields": {
        "action_time": "2023-02-06T18:12:27.392Z",
        "user": 1,
        "content_type": 7,
        "object_id": "42",
        "object_repr": "Kings",
        "action_flag": 1,
        "change_message": "[{\"added\": {}}]"
    }
},
{
    "model": "admin.logentry",
    "pk": 142,
    "fields": {
        "action_time": "2023-02-06T18:13:26.285Z",
        "user": 1,
        "content_type": 7,
        "object_id": "11",
        "object_repr": "Kings",
        "action_flag": 2,
        "change_message": "[]"
    }
},
{
    "model": "admin.logentry",
    "pk": 143,
    "fields": {
        "action_time": "2023-02-06T18:13:43.246Z",
        "user": 1,
        "content_type": 7,
        "object_id": "43",
        "object_repr": "Kings",
        "action_flag": 1,
        "change_message": "[{\"added\": {}}]"
    }
},
{
    "model": "admin.logentry",
    "pk": 144,
    "fields": {
        "action_time": "2023-02-06T18:14:36.602Z",
        "user": 1,
        "content_type": 7,
        "object_id": "22",
        "object_repr": "Tittums on 5",
        "action_flag": 2,
        "change_message": "[]"
    }
},
{
    "model": "admin.logentry",
    "pk": 145,
    "fields": {
        "action_time": "2023-02-06T18:15:00.743Z",
        "user": 1,
        "content_type": 7,
        "object_id": "25",
        "object_repr": "Rounds",
        "action_flag": 2,
        "change_message": "[{\"changed\": {\"fields\": [\"Name\"]}}]"
    }
},
{
    "model": "admin.logentry",
    "pk": 146,
    "fields": {
        "action_time": "2023-02-06T18:17:58.371Z",
        "user": 1,
        "content_type": 7,
        "object_id": "16",
        "object_repr": "Queens",
        "action_flag": 2,
        "change_message": "[{\"changed\": {\"fields\": [\"History\", \"Pattern\"]}}]"
    }
},
{
    "model": "admin.logentry",
    "pk": 147,
    "fields": {
        "action_time": "2023-02-06T18:18:16.632Z",
        "user": 1,
        "content_type": 7,
        "object_id": "16",
        "object_repr": "Queens",
        "action_flag": 2,
        "change_message": "[]"
    }
},
{
    "model": "admin.logentry",
    "pk": 148,
    "fields": {
        "action_time": "2023-02-06T18:18:40.419Z",
        "user": 1,
        "content_type": 7,
        "object_id": "44",
        "object_repr": "Queens",
        "action_flag": 1,
        "change_message": "[{\"added\": {}}]"
    }
},
{
    "model": "admin.logentry",
    "pk": 149,
    "fields": {
        "action_time": "2023-02-06T18:19:15.357Z",
        "user": 1,
        "content_type": 7,
        "object_id": "44",
        "object_repr": "Queens",
        "action_flag": 2,
        "change_message": "[]"
    }
},
{
    "model": "admin.logentry",
    "pk": 150,
    "fields": {
        "action_time": "2023-02-06T18:19:33.532Z",
        "user": 1,
        "content_type": 7,
        "object_id": "45",
        "object_repr": "Queens",
        "action_flag": 1,
        "change_message": "[{\"added\": {}}]"
    }
},
{
    "model": "admin.logentry",
    "pk": 151,
    "fields": {
        "action_time": "2023-02-06T18:19:57.111Z",
        "user": 1,
        "content_type": 7,
        "object_id": "16",
        "object_repr": "Queens",
        "action_flag": 2,
        "change_message": "[]"
    }
},
{
    "model": "admin.logentry",
    "pk": 152,
    "fields": {
        "action_time": "2023-02-06T18:20:19.607Z",
        "user": 1,
        "content_type": 7,
        "object_id": "46",
        "object_repr": "Queens",
        "action_flag": 1,
        "change_message": "[{\"added\": {}}]"
    }
},
{
    "model": "admin.logentry",
    "pk": 153,
    "fields": {
        "action_time": "2023-02-06T18:26:32.037Z",
        "user": 1,
        "content_type": 12,
        "object_id": "4",
        "object_repr": "From:Rounds To:Whittington'sOn 8",
        "action_flag": 1,
        "change_message": "[{\"added\": {}}]"
    }
},
{
    "model": "admin.logentry",
    "pk": 154,
    "fields": {
        "action_time": "2023-02-06T18:51:53.746Z",
        "user": 1,
        "content_type": 13,
        "object_id": "14",
        "object_repr": "ChangeItem object (14)",
        "action_flag": 3,
        "change_message": ""
    }
},
{
    "model": "admin.logentry",
    "pk": 155,
    "fields": {
        "action_time": "2023-02-06T18:51:53.775Z",
        "user": 1,
        "content_type": 13,
        "object_id": "13",
        "object_repr": "ChangeItem object (13)",
        "action_flag": 3,
        "change_message": ""
    }
},
{
    "model": "admin.logentry",
    "pk": 156,
    "fields": {
        "action_time": "2023-02-06T18:51:53.803Z",
        "user": 1,
        "content_type": 13,
        "object_id": "12",
        "object_repr": "ChangeItem object (12)",
        "action_flag": 3,
        "change_message": ""
    }
},
{
    "model": "admin.logentry",
    "pk": 157,
    "fields": {
        "action_time": "2023-02-06T18:51:53.826Z",
        "user": 1,
        "content_type": 13,
        "object_id": "11",
        "object_repr": "ChangeItem object (11)",
        "action_flag": 3,
        "change_message": ""
    }
},
{
    "model": "admin.logentry",
    "pk": 158,
    "fields": {
        "action_time": "2023-02-06T18:51:53.847Z",
        "user": 1,
        "content_type": 13,
        "object_id": "10",
        "object_repr": "ChangeItem object (10)",
        "action_flag": 3,
        "change_message": ""
    }
},
{
    "model": "admin.logentry",
    "pk": 159,
    "fields": {
        "action_time": "2023-02-06T18:51:53.867Z",
        "user": 1,
        "content_type": 13,
        "object_id": "9",
        "object_repr": "ChangeItem object (9)",
        "action_flag": 3,
        "change_message": ""
    }
},
{
    "model": "admin.logentry",
    "pk": 160,
    "fields": {
        "action_time": "2023-02-06T18:52:08.178Z",
        "user": 1,
        "content_type": 13,
        "object_id": "8",
        "object_repr": "ChangeItem object (8)",
        "action_flag": 3,
        "change_message": ""
    }
},
{
    "model": "admin.logentry",
    "pk": 161,
    "fields": {
        "action_time": "2023-02-06T18:52:08.198Z",
        "user": 1,
        "content_type": 13,
        "object_id": "7",
        "object_repr": "ChangeItem object (7)",
        "action_flag": 3,
        "change_message": ""
    }
},
{
    "model": "admin.logentry",
    "pk": 162,
    "fields": {
        "action_time": "2023-02-06T18:52:08.224Z",
        "user": 1,
        "content_type": 13,
        "object_id": "6",
        "object_repr": "ChangeItem object (6)",
        "action_flag": 3,
        "change_message": ""
    }
},
{
    "model": "admin.logentry",
    "pk": 163,
    "fields": {
        "action_time": "2023-02-06T18:52:08.252Z",
        "user": 1,
        "content_type": 13,
        "object_id": "5",
        "object_repr": "ChangeItem object (5)",
        "action_flag": 3,
        "change_message": ""
    }
},
{
    "model": "admin.logentry",
    "pk": 164,
    "fields": {
        "action_time": "2023-02-06T18:52:08.274Z",
        "user": 1,
        "content_type": 13,
        "object_id": "4",
        "object_repr": "ChangeItem object (4)",
        "action_flag": 3,
        "change_message": ""
    }
},
{
    "model": "admin.logentry",
    "pk": 165,
    "fields": {
        "action_time": "2023-02-06T18:52:08.290Z",
        "user": 1,
        "content_type": 13,
        "object_id": "3",
        "object_repr": "ChangeItem object (3)",
        "action_flag": 3,
        "change_message": ""
    }
},
{
    "model": "admin.logentry",
    "pk": 166,
    "fields": {
        "action_time": "2023-02-06T18:52:08.314Z",
        "user": 1,
        "content_type": 13,
        "object_id": "2",
        "object_repr": "ChangeItem object (2)",
        "action_flag": 3,
        "change_message": ""
    }
},
{
    "model": "admin.logentry",
    "pk": 167,
    "fields": {
        "action_time": "2023-02-06T18:52:08.334Z",
        "user": 1,
        "content_type": 13,
        "object_id": "1",
        "object_repr": "ChangeItem object (1)",
        "action_flag": 3,
        "change_message": ""
    }
},
{
    "model": "admin.logentry",
    "pk": 168,
    "fields": {
        "action_time": "2023-02-06T18:52:29.153Z",
        "user": 1,
        "content_type": 12,
        "object_id": "4",
        "object_repr": "From:Rounds To:Whittington'sOn 8",
        "action_flag": 3,
        "change_message": ""
    }
},
{
    "model": "admin.logentry",
    "pk": 169,
    "fields": {
        "action_time": "2023-02-06T18:52:29.173Z",
        "user": 1,
        "content_type": 12,
        "object_id": "3",
        "object_repr": "From:Titums on 6 To:Rounds on 6On 0",
        "action_flag": 3,
        "change_message": ""
    }
},
{
    "model": "admin.logentry",
    "pk": 170,
    "fields": {
        "action_time": "2023-02-06T18:52:29.194Z",
        "user": 1,
        "content_type": 12,
        "object_id": "2",
        "object_repr": "From:Rounds on 6 To:Whittington'sOn 0",
        "action_flag": 3,
        "change_message": ""
    }
},
{
    "model": "admin.logentry",
    "pk": 171,
    "fields": {
        "action_time": "2023-02-06T18:52:29.215Z",
        "user": 1,
        "content_type": 12,
        "object_id": "1",
        "object_repr": "From:Rounds on 6 To:Titums on 6On 0",
        "action_flag": 3,
        "change_message": ""
    }
},
{
    "model": "admin.logentry",
    "pk": 172,
    "fields": {
        "action_time": "2023-02-06T18:54:41.839Z",
        "user": 1,
        "content_type": 12,
        "object_id": "5",
        "object_repr": "From:Rounds To:KingsOn 8",
        "action_flag": 1,
        "change_message": "[{\"added\": {}}]"
    }
},
{
    "model": "admin.logentry",
    "pk": 173,
    "fields": {
        "action_time": "2023-02-06T19:06:21.619Z",
        "user": 1,
        "content_type": 7,
        "object_id": "37",
        "object_repr": "125346  On  0",
        "action_flag": 3,
        "change_message": ""
    }
},
{
    "model": "admin.logentry",
    "pk": 174,
    "fields": {
        "action_time": "2023-02-06T19:06:21.649Z",
        "user": 1,
        "content_type": 7,
        "object_id": "36",
        "object_repr": "123546  On  0",
        "action_flag": 3,
        "change_message": ""
    }
},
{
    "model": "admin.logentry",
    "pk": 175,
    "fields": {
        "action_time": "2023-02-06T19:06:21.671Z",
        "user": 1,
        "content_type": 7,
        "object_id": "35",
        "object_repr": "123456  On  0",
        "action_flag": 3,
        "change_message": ""
    }
},
{
    "model": "admin.logentry",
    "pk": 176,
    "fields": {
        "action_time": "2023-02-06T19:06:21.701Z",
        "user": 1,
        "content_type": 7,
        "object_id": "34",
        "object_repr": "124536  On  0",
        "action_flag": 3,
        "change_message": ""
    }
},
{
    "model": "admin.logentry",
    "pk": 177,
    "fields": {
        "action_time": "2023-02-06T19:06:21.723Z",
        "user": 1,
        "content_type": 7,
        "object_id": "33",
        "object_repr": "142536  On  0",
        "action_flag": 3,
        "change_message": ""
    }
},
{
    "model": "admin.logentry",
    "pk": 178,
    "fields": {
        "action_time": "2023-02-06T19:06:21.749Z",
        "user": 1,
        "content_type": 7,
        "object_id": "32",
        "object_repr": "142356  On  0",
        "action_flag": 3,
        "change_message": ""
    }
},
{
    "model": "admin.logentry",
    "pk": 179,
    "fields": {
        "action_time": "2023-02-06T19:06:21.770Z",
        "user": 1,
        "content_type": 7,
        "object_id": "31",
        "object_repr": "124356  On  0",
        "action_flag": 3,
        "change_message": ""
    }
},
{
    "model": "admin.logentry",
    "pk": 180,
    "fields": {
        "action_time": "2023-02-06T19:08:12.390Z",
        "user": 1,
        "content_type": 12,
        "object_id": "5",
        "object_repr": "From:Rounds To:KingsOn 8",
        "action_flag": 3,
        "change_message": ""
    }
},
{
    "model": "admin.logentry",
    "pk": 181,
    "fields": {
        "action_time": "2023-02-06T19:08:42.733Z",
        "user": 1,
        "content_type": 7,
        "object_id": "52",
        "object_repr": "12753468  On  8",
        "action_flag": 3,
        "change_message": ""
    }
},
{
    "model": "admin.logentry",
    "pk": 182,
    "fields": {
        "action_time": "2023-02-06T19:08:42.754Z",
        "user": 1,
        "content_type": 7,
        "object_id": "51",
        "object_repr": "12735468  On  8",
        "action_flag": 3,
        "change_message": ""
    }
},
{
    "model": "admin.logentry",
    "pk": 183,
    "fields": {
        "action_time": "2023-02-06T19:08:42.779Z",
        "user": 1,
        "content_type": 7,
        "object_id": "50",
        "object_repr": "12734568  On  8",
        "action_flag": 3,
        "change_message": ""
    }
},
{
    "model": "admin.logentry",
    "pk": 184,
    "fields": {
        "action_time": "2023-02-06T19:08:42.798Z",
        "user": 1,
        "content_type": 7,
        "object_id": "49",
        "object_repr": "12374568  On  8",
        "action_flag": 3,
        "change_message": ""
    }
},
{
    "model": "admin.logentry",
    "pk": 185,
    "fields": {
        "action_time": "2023-02-06T19:08:42.823Z",
        "user": 1,
        "content_type": 7,
        "object_id": "48",
        "object_repr": "12347568  On  8",
        "action_flag": 3,
        "change_message": ""
    }
},
{
    "model": "admin.logentry",
    "pk": 186,
    "fields": {
        "action_time": "2023-02-06T19:08:42.847Z",
        "user": 1,
        "content_type": 7,
        "object_id": "47",
        "object_repr": "12345768  On  8",
        "action_flag": 3,
        "change_message": ""
    }
},
{
    "model": "admin.logentry",
    "pk": 187,
    "fields": {
        "action_time": "2023-02-06T19:09:33.452Z",
        "user": 1,
        "content_type": 7,
        "object_id": "11",
        "object_repr": "Kings  On  8",
        "action_flag": 2,
        "change_message": "[]"
    }
},
{
    "model": "admin.logentry",
    "pk": 188,
    "fields": {
        "action_time": "2023-02-06T19:10:05.702Z",
        "user": 1,
        "content_type": 12,
        "object_id": "6",
        "object_repr": "From:Kings To:RoundsOn 8",
        "action_flag": 1,
        "change_message": "[{\"added\": {}}]"
    }
},
{
    "model": "admin.logentry",
    "pk": 189,
    "fields": {
        "action_time": "2023-02-06T19:10:59.497Z",
        "user": 1,
        "content_type": 12,
        "object_id": "7",
        "object_repr": "From:Rounds To:KingsOn 8",
        "action_flag": 1,
        "change_message": "[{\"added\": {}}]"
    }
},
{
    "model": "admin.logentry",
    "pk": 190,
    "fields": {
        "action_time": "2023-02-06T19:20:29.019Z",
        "user": 1,
        "content_type": 12,
        "object_id": "7",
        "object_repr": "From:Rounds To:KingsOn 8",
        "action_flag": 3,
        "change_message": ""
    }
},
{
    "model": "admin.logentry",
    "pk": 191,
    "fields": {
        "action_time": "2023-02-06T19:20:29.053Z",
        "user": 1,
        "content_type": 12,
        "object_id": "6",
        "object_repr": "From:Kings To:RoundsOn 8",
        "action_flag": 3,
        "change_message": ""
    }
},
{
    "model": "admin.logentry",
    "pk": 192,
    "fields": {
        "action_time": "2023-02-06T19:21:01.815Z",
        "user": 1,
        "content_type": 7,
        "object_id": "64",
        "object_repr": "12345678  On  8",
        "action_flag": 3,
        "change_message": ""
    }
},
{
    "model": "admin.logentry",
    "pk": 193,
    "fields": {
        "action_time": "2023-02-06T19:21:01.847Z",
        "user": 1,
        "content_type": 7,
        "object_id": "63",
        "object_repr": "12345768  On  8",
        "action_flag": 3,
        "change_message": ""
    }
},
{
    "model": "admin.logentry",
    "pk": 194,
    "fields": {
        "action_time": "2023-02-06T19:21:01.871Z",
        "user": 1,
        "content_type": 7,
        "object_id": "62",
        "object_repr": "12347568  On  8",
        "action_flag": 3,
        "change_message": ""
    }
},
{
    "model": "admin.logentry",
    "pk": 195,
    "fields": {
        "action_time": "2023-02-06T19:21:01.899Z",
        "user": 1,
        "content_type": 7,
        "object_id": "61",
        "object_repr": "12374568  On  8",
        "action_flag": 3,
        "change_message": ""
    }
},
{
    "model": "admin.logentry",
    "pk": 196,
    "fields": {
        "action_time": "2023-02-06T19:21:01.926Z",
        "user": 1,
        "content_type": 7,
        "object_id": "60",
        "object_repr": "12375468  On  8",
        "action_flag": 3,
        "change_message": ""
    }
},
{
    "model": "admin.logentry",
    "pk": 197,
    "fields": {
        "action_time": "2023-02-06T19:21:01.943Z",
        "user": 1,
        "content_type": 7,
        "object_id": "59",
        "object_repr": "12735468  On  8",
        "action_flag": 3,
        "change_message": ""
    }
},
{
    "model": "admin.logentry",
    "pk": 198,
    "fields": {
        "action_time": "2023-02-06T19:21:01.966Z",
        "user": 1,
        "content_type": 7,
        "object_id": "58",
        "object_repr": "12753468  On  8",
        "action_flag": 3,
        "change_message": ""
    }
},
{
    "model": "admin.logentry",
    "pk": 199,
    "fields": {
        "action_time": "2023-02-06T19:21:01.987Z",
        "user": 1,
        "content_type": 7,
        "object_id": "57",
        "object_repr": "17253468  On  8",
        "action_flag": 3,
        "change_message": ""
    }
},
{
    "model": "admin.logentry",
    "pk": 200,
    "fields": {
        "action_time": "2023-02-06T19:21:02.005Z",
        "user": 1,
        "content_type": 7,
        "object_id": "56",
        "object_repr": "17523468  On  8",
        "action_flag": 3,
        "change_message": ""
    }
},
{
    "model": "admin.logentry",
    "pk": 201,
    "fields": {
        "action_time": "2023-02-06T19:21:02.021Z",
        "user": 1,
        "content_type": 7,
        "object_id": "55",
        "object_repr": "17532468  On  8",
        "action_flag": 3,
        "change_message": ""
    }
},
{
    "model": "admin.logentry",
    "pk": 202,
    "fields": {
        "action_time": "2023-02-06T19:21:02.041Z",
        "user": 1,
        "content_type": 7,
        "object_id": "54",
        "object_repr": "71532468  On  8",
        "action_flag": 3,
        "change_message": ""
    }
},
{
    "model": "admin.logentry",
    "pk": 203,
    "fields": {
        "action_time": "2023-02-06T19:21:02.065Z",
        "user": 1,
        "content_type": 7,
        "object_id": "53",
        "object_repr": "75132468  On  8",
        "action_flag": 3,
        "change_message": ""
    }
},
{
    "model": "admin.logentry",
    "pk": 204,
    "fields": {
        "action_time": "2023-02-06T19:21:35.636Z",
        "user": 1,
        "content_type": 12,
        "object_id": "8",
        "object_repr": "From:Rounds To:KingsOn 8",
        "action_flag": 1,
        "change_message": "[{\"added\": {}}]"
    }
},
{
    "model": "admin.logentry",
    "pk": 205,
    "fields": {
        "action_time": "2023-02-06T19:22:10.900Z",
        "user": 1,
        "content_type": 12,
        "object_id": "9",
        "object_repr": "From:Kings To:RoundsOn 8",
        "action_flag": 1,
        "change_message": "[{\"added\": {}}]"
    }
},
{
    "model": "admin.logentry",
    "pk": 206,
    "fields": {
        "action_time": "2023-02-06T19:34:17.188Z",
        "user": 1,
        "content_type": 12,
        "object_id": "9",
        "object_repr": "From:Kings To:RoundsOn 8",
        "action_flag": 3,
        "change_message": ""
    }
},
{
    "model": "admin.logentry",
    "pk": 207,
    "fields": {
        "action_time": "2023-02-06T19:34:17.217Z",
        "user": 1,
        "content_type": 12,
        "object_id": "8",
        "object_repr": "From:Rounds To:KingsOn 8",
        "action_flag": 3,
        "change_message": ""
    }
},
{
    "model": "admin.logentry",
    "pk": 208,
    "fields": {
        "action_time": "2023-02-06T19:34:38.402Z",
        "user": 1,
        "content_type": 12,
        "object_id": "10",
        "object_repr": "From:Rounds on 6 To:Titums on 6On 6",
        "action_flag": 1,
        "change_message": "[{\"added\": {}}]"
    }
},
{
    "model": "admin.logentry",
    "pk": 209,
    "fields": {
        "action_time": "2023-02-06T19:40:51.749Z",
        "user": 1,
        "content_type": 12,
        "object_id": "11",
        "object_repr": "From:Titums on 6 To:Rounds on 6On 6",
        "action_flag": 1,
        "change_message": "[{\"added\": {}}]"
    }
},
{
    "model": "admin.logentry",
    "pk": 210,
    "fields": {
        "action_time": "2023-02-06T19:41:44.901Z",
        "user": 1,
        "content_type": 7,
        "object_id": "76",
        "object_repr": "75312468  On  8",
        "action_flag": 3,
        "change_message": ""
    }
},
{
    "model": "admin.logentry",
    "pk": 211,
    "fields": {
        "action_time": "2023-02-06T19:41:44.937Z",
        "user": 1,
        "content_type": 7,
        "object_id": "75",
        "object_repr": "75132468  On  8",
        "action_flag": 3,
        "change_message": ""
    }
},
{
    "model": "admin.logentry",
    "pk": 212,
    "fields": {
        "action_time": "2023-02-06T19:41:44.953Z",
        "user": 1,
        "content_type": 7,
        "object_id": "74",
        "object_repr": "75123468  On  8",
        "action_flag": 3,
        "change_message": ""
    }
},
{
    "model": "admin.logentry",
    "pk": 213,
    "fields": {
        "action_time": "2023-02-06T19:41:44.974Z",
        "user": 1,
        "content_type": 7,
        "object_id": "73",
        "object_repr": "71523468  On  8",
        "action_flag": 3,
        "change_message": ""
    }
},
{
    "model": "admin.logentry",
    "pk": 214,
    "fields": {
        "action_time": "2023-02-06T19:41:44.991Z",
        "user": 1,
        "content_type": 7,
        "object_id": "72",
        "object_repr": "71253468  On  8",
        "action_flag": 3,
        "change_message": ""
    }
},
{
    "model": "admin.logentry",
    "pk": 215,
    "fields": {
        "action_time": "2023-02-06T19:41:45.015Z",
        "user": 1,
        "content_type": 7,
        "object_id": "71",
        "object_repr": "71235468  On  8",
        "action_flag": 3,
        "change_message": ""
    }
},
{
    "model": "admin.logentry",
    "pk": 216,
    "fields": {
        "action_time": "2023-02-06T19:41:45.036Z",
        "user": 1,
        "content_type": 7,
        "object_id": "70",
        "object_repr": "71234568  On  8",
        "action_flag": 3,
        "change_message": ""
    }
},
{
    "model": "admin.logentry",
    "pk": 217,
    "fields": {
        "action_time": "2023-02-06T19:41:45.057Z",
        "user": 1,
        "content_type": 7,
        "object_id": "69",
        "object_repr": "17234568  On  8",
        "action_flag": 3,
        "change_message": ""
    }
},
{
    "model": "admin.logentry",
    "pk": 218,
    "fields": {
        "action_time": "2023-02-06T19:41:45.074Z",
        "user": 1,
        "content_type": 7,
        "object_id": "68",
        "object_repr": "12734568  On  8",
        "action_flag": 3,
        "change_message": ""
    }
},
{
    "model": "admin.logentry",
    "pk": 219,
    "fields": {
        "action_time": "2023-02-06T19:41:45.098Z",
        "user": 1,
        "content_type": 7,
        "object_id": "67",
        "object_repr": "12374568  On  8",
        "action_flag": 3,
        "change_message": ""
    }
},
{
    "model": "admin.logentry",
    "pk": 220,
    "fields": {
        "action_time": "2023-02-06T19:41:45.116Z",
        "user": 1,
        "content_type": 7,
        "object_id": "66",
        "object_repr": "12347568  On  8",
        "action_flag": 3,
        "change_message": ""
    }
},
{
    "model": "admin.logentry",
    "pk": 221,
    "fields": {
        "action_time": "2023-02-06T19:41:45.136Z",
        "user": 1,
        "content_type": 7,
        "object_id": "65",
        "object_repr": "12345768  On  8",
        "action_flag": 3,
        "change_message": ""
    }
},
{
    "model": "admin.logentry",
    "pk": 222,
    "fields": {
        "action_time": "2023-02-06T19:42:48.374Z",
        "user": 1,
        "content_type": 7,
        "object_id": "28",
        "object_repr": "Rounds  On  7",
        "action_flag": 2,
        "change_message": "[{\"changed\": {\"fields\": [\"Name\"]}}]"
    }
},
{
    "model": "admin.logentry",
    "pk": 223,
    "fields": {
        "action_time": "2023-02-06T19:43:01.397Z",
        "user": 1,
        "content_type": 7,
        "object_id": "27",
        "object_repr": "Rounds  On  6",
        "action_flag": 2,
        "change_message": "[{\"changed\": {\"fields\": [\"Name\"]}}]"
    }
},
{
    "model": "admin.logentry",
    "pk": 224,
    "fields": {
        "action_time": "2023-02-06T19:43:12.665Z",
        "user": 1,
        "content_type": 7,
        "object_id": "26",
        "object_repr": "Rounds  On  5",
        "action_flag": 2,
        "change_message": "[{\"changed\": {\"fields\": [\"Name\"]}}]"
    }
},
{
    "model": "admin.logentry",
    "pk": 225,
    "fields": {
        "action_time": "2023-02-06T19:43:33.351Z",
        "user": 1,
        "content_type": 7,
        "object_id": "30",
        "object_repr": "Titums  On  6",
        "action_flag": 2,
        "change_message": "[{\"changed\": {\"fields\": [\"Name\"]}}]"
    }
},
{
    "model": "admin.logentry",
    "pk": 226,
    "fields": {
        "action_time": "2023-02-06T19:43:46.368Z",
        "user": 1,
        "content_type": 7,
        "object_id": "22",
        "object_repr": "Tittums  On  5",
        "action_flag": 2,
        "change_message": "[{\"changed\": {\"fields\": [\"Name\"]}}]"
    }
},
{
    "model": "admin.logentry",
    "pk": 227,
    "fields": {
        "action_time": "2023-02-06T19:43:57.025Z",
        "user": 1,
        "content_type": 7,
        "object_id": "21",
        "object_repr": "See Saw  On  6",
        "action_flag": 2,
        "change_message": "[{\"changed\": {\"fields\": [\"Name\"]}}]"
    }
},
{
    "model": "admin.logentry",
    "pk": 228,
    "fields": {
        "action_time": "2023-02-06T19:44:24.708Z",
        "user": 1,
        "content_type": 7,
        "object_id": "17",
        "object_repr": "Roller Coaster  On  0",
        "action_flag": 2,
        "change_message": "[{\"changed\": {\"fields\": [\"History\", \"Pattern\"]}}]"
    }
},
{
    "model": "admin.logentry",
    "pk": 229,
    "fields": {
        "action_time": "2023-02-06T19:44:57.024Z",
        "user": 1,
        "content_type": 7,
        "object_id": "17",
        "object_repr": "Roller Coaster  On  0",
        "action_flag": 2,
        "change_message": "[]"
    }
},
{
    "model": "admin.logentry",
    "pk": 230,
    "fields": {
        "action_time": "2023-02-06T19:45:14.672Z",
        "user": 1,
        "content_type": 7,
        "object_id": "80",
        "object_repr": "Roller Coaster  On  0",
        "action_flag": 1,
        "change_message": "[{\"added\": {}}]"
    }
},
{
    "model": "admin.logentry",
    "pk": 231,
    "fields": {
        "action_time": "2023-02-06T19:46:33.969Z",
        "user": 1,
        "content_type": 7,
        "object_id": "23",
        "object_repr": "Weasels  On  5",
        "action_flag": 2,
        "change_message": "[]"
    }
},
{
    "model": "admin.logentry",
    "pk": 232,
    "fields": {
        "action_time": "2023-02-06T19:46:44.064Z",
        "user": 1,
        "content_type": 7,
        "object_id": "17",
        "object_repr": "Roller Coaster  On  8",
        "action_flag": 2,
        "change_message": "[]"
    }
},
{
    "model": "admin.logentry",
    "pk": 233,
    "fields": {
        "action_time": "2023-02-06T19:46:59.743Z",
        "user": 1,
        "content_type": 7,
        "object_id": "80",
        "object_repr": "Roller Coaster  On  7",
        "action_flag": 2,
        "change_message": "[]"
    }
},
{
    "model": "admin.logentry",
    "pk": 234,
    "fields": {
        "action_time": "2023-02-06T19:47:19.207Z",
        "user": 1,
        "content_type": 7,
        "object_id": "18",
        "object_repr": "Roll-Up  On  5",
        "action_flag": 2,
        "change_message": "[{\"changed\": {\"fields\": [\"Name\"]}}]"
    }
},
{
    "model": "admin.logentry",
    "pk": 235,
    "fields": {
        "action_time": "2023-02-06T19:47:42.612Z",
        "user": 1,
        "content_type": 7,
        "object_id": "39",
        "object_repr": "Roll-Up  On  6",
        "action_flag": 2,
        "change_message": "[{\"changed\": {\"fields\": [\"Name\"]}}]"
    }
},
{
    "model": "admin.logentry",
    "pk": 236,
    "fields": {
        "action_time": "2023-02-06T19:47:56.394Z",
        "user": 1,
        "content_type": 7,
        "object_id": "40",
        "object_repr": "Roll-Up  On  7",
        "action_flag": 2,
        "change_message": "[{\"changed\": {\"fields\": [\"Name\"]}}]"
    }
},
{
    "model": "admin.logentry",
    "pk": 237,
    "fields": {
        "action_time": "2023-02-06T19:48:10.795Z",
        "user": 1,
        "content_type": 7,
        "object_id": "2",
        "object_repr": "Back Rounds  On  8",
        "action_flag": 2,
        "change_message": "[{\"changed\": {\"fields\": [\"Name\"]}}]"
    }
},
{
    "model": "admin.logentry",
    "pk": 238,
    "fields": {
        "action_time": "2023-02-06T19:48:28.099Z",
        "user": 1,
        "content_type": 7,
        "object_id": "38",
        "object_repr": "Sew Saw  On  8",
        "action_flag": 2,
        "change_message": "[{\"changed\": {\"fields\": [\"Name\"]}}]"
    }
},
{
    "model": "admin.logentry",
    "pk": 239,
    "fields": {
        "action_time": "2023-02-06T19:48:48.094Z",
        "user": 1,
        "content_type": 7,
        "object_id": "3",
        "object_repr": "Bowbells  On  8",
        "action_flag": 2,
        "change_message": "[{\"changed\": {\"fields\": [\"Pattern\"]}}]"
    }
},
{
    "model": "admin.logentry",
    "pk": 240,
    "fields": {
        "action_time": "2023-02-06T19:49:02.467Z",
        "user": 1,
        "content_type": 7,
        "object_id": "4",
        "object_repr": "Burdette  On  8",
        "action_flag": 2,
        "change_message": "[{\"changed\": {\"fields\": [\"Pattern\"]}}]"
    }
},
{
    "model": "admin.logentry",
    "pk": 241,
    "fields": {
        "action_time": "2023-02-06T19:49:21.492Z",
        "user": 1,
        "content_type": 7,
        "object_id": "4",
        "object_repr": "Burdette  On  8",
        "action_flag": 2,
        "change_message": "[{\"changed\": {\"fields\": [\"History\"]}}]"
    }
},
{
    "model": "admin.logentry",
    "pk": 242,
    "fields": {
        "action_time": "2023-02-06T19:49:40.466Z",
        "user": 1,
        "content_type": 7,
        "object_id": "81",
        "object_repr": "Burdette  On  6",
        "action_flag": 1,
        "change_message": "[{\"added\": {}}]"
    }
},
{
    "model": "admin.logentry",
    "pk": 243,
    "fields": {
        "action_time": "2023-02-06T19:50:03.981Z",
        "user": 1,
        "content_type": 7,
        "object_id": "5",
        "object_repr": "Exploding Tittums  On  8",
        "action_flag": 2,
        "change_message": "[{\"changed\": {\"fields\": [\"History\", \"Pattern\"]}}]"
    }
},
{
    "model": "admin.logentry",
    "pk": 244,
    "fields": {
        "action_time": "2023-02-06T19:50:20.321Z",
        "user": 1,
        "content_type": 7,
        "object_id": "5",
        "object_repr": "Exploding Tittums  On  8",
        "action_flag": 2,
        "change_message": "[]"
    }
},
{
    "model": "admin.logentry",
    "pk": 245,
    "fields": {
        "action_time": "2023-02-06T19:50:32.115Z",
        "user": 1,
        "content_type": 7,
        "object_id": "82",
        "object_repr": "Exploding Tittums  On  0",
        "action_flag": 1,
        "change_message": "[{\"added\": {}}]"
    }
},
{
    "model": "admin.logentry",
    "pk": 246,
    "fields": {
        "action_time": "2023-02-06T19:50:56.756Z",
        "user": 1,
        "content_type": 7,
        "object_id": "82",
        "object_repr": "Exploding Tittums  On  6",
        "action_flag": 2,
        "change_message": "[{\"changed\": {\"fields\": [\"Pattern\"]}}]"
    }
},
{
    "model": "admin.logentry",
    "pk": 247,
    "fields": {
        "action_time": "2023-02-06T19:52:04.254Z",
        "user": 1,
        "content_type": 7,
        "object_id": "6",
        "object_repr": "Hagdyke  On  8",
        "action_flag": 2,
        "change_message": "[{\"changed\": {\"fields\": [\"History\", \"Pattern\"]}}]"
    }
},
{
    "model": "admin.logentry",
    "pk": 248,
    "fields": {
        "action_time": "2023-02-06T19:52:21.152Z",
        "user": 1,
        "content_type": 7,
        "object_id": "83",
        "object_repr": "Hagdyke  On  6",
        "action_flag": 1,
        "change_message": "[{\"added\": {}}]"
    }
},
{
    "model": "admin.logentry",
    "pk": 249,
    "fields": {
        "action_time": "2023-02-06T19:52:56.372Z",
        "user": 1,
        "content_type": 7,
        "object_id": "8",
        "object_repr": "Jacks  On  8",
        "action_flag": 2,
        "change_message": "[{\"changed\": {\"fields\": [\"History\", \"Pattern\"]}}]"
    }
},
{
    "model": "admin.logentry",
    "pk": 250,
    "fields": {
        "action_time": "2023-02-06T19:53:16.998Z",
        "user": 1,
        "content_type": 7,
        "object_id": "84",
        "object_repr": "Jacks  On  6",
        "action_flag": 1,
        "change_message": "[{\"added\": {}}]"
    }
},
{
    "model": "admin.logentry",
    "pk": 251,
    "fields": {
        "action_time": "2023-02-06T19:53:54.202Z",
        "user": 1,
        "content_type": 7,
        "object_id": "13",
        "object_repr": "Priory  On  8",
        "action_flag": 2,
        "change_message": "[{\"changed\": {\"fields\": [\"History\", \"Pattern\"]}}]"
    }
},
{
    "model": "admin.logentry",
    "pk": 252,
    "fields": {
        "action_time": "2023-02-06T19:54:09.403Z",
        "user": 1,
        "content_type": 7,
        "object_id": "85",
        "object_repr": "Priory  On  6",
        "action_flag": 1,
        "change_message": "[{\"added\": {}}]"
    }
},
{
    "model": "admin.logentry",
    "pk": 253,
    "fields": {
        "action_time": "2023-02-06T19:54:42.803Z",
        "user": 1,
        "content_type": 7,
        "object_id": "9",
        "object_repr": "Jokers  On  8",
        "action_flag": 2,
        "change_message": "[{\"changed\": {\"fields\": [\"History\", \"Pattern\"]}}]"
    }
},
{
    "model": "admin.logentry",
    "pk": 254,
    "fields": {
        "action_time": "2023-02-06T19:54:58.267Z",
        "user": 1,
        "content_type": 7,
        "object_id": "86",
        "object_repr": "Jokers  On  6",
        "action_flag": 1,
        "change_message": "[{\"added\": {}}]"
    }
},
{
    "model": "admin.logentry",
    "pk": 255,
    "fields": {
        "action_time": "2023-02-06T19:55:24.870Z",
        "user": 1,
        "content_type": 7,
        "object_id": "9",
        "object_repr": "Jokers  On  8",
        "action_flag": 2,
        "change_message": "[]"
    }
},
{
    "model": "admin.logentry",
    "pk": 256,
    "fields": {
        "action_time": "2023-02-06T19:55:40.659Z",
        "user": 1,
        "content_type": 7,
        "object_id": "87",
        "object_repr": "Jokers  On  5",
        "action_flag": 1,
        "change_message": "[{\"added\": {}}]"
    }
},
{
    "model": "admin.logentry",
    "pk": 257,
    "fields": {
        "action_time": "2023-02-06T19:56:01.001Z",
        "user": 1,
        "content_type": 7,
        "object_id": "10",
        "object_repr": "Kennet  On  6",
        "action_flag": 2,
        "change_message": "[{\"changed\": {\"fields\": [\"Pattern\"]}}]"
    }
},
{
    "model": "admin.logentry",
    "pk": 258,
    "fields": {
        "action_time": "2023-02-06T19:56:22.198Z",
        "user": 1,
        "content_type": 7,
        "object_id": "2",
        "object_repr": "Back Rounds  On  8",
        "action_flag": 2,
        "change_message": "[]"
    }
},
{
    "model": "admin.logentry",
    "pk": 259,
    "fields": {
        "action_time": "2023-02-06T19:56:38.836Z",
        "user": 1,
        "content_type": 7,
        "object_id": "88",
        "object_repr": "Back Rounds  On  7",
        "action_flag": 1,
        "change_message": "[{\"added\": {}}]"
    }
},
{
    "model": "admin.logentry",
    "pk": 260,
    "fields": {
        "action_time": "2023-02-06T19:56:56.806Z",
        "user": 1,
        "content_type": 7,
        "object_id": "88",
        "object_repr": "Back Rounds  On  7",
        "action_flag": 2,
        "change_message": "[]"
    }
},
{
    "model": "admin.logentry",
    "pk": 261,
    "fields": {
        "action_time": "2023-02-06T19:57:14.649Z",
        "user": 1,
        "content_type": 7,
        "object_id": "89",
        "object_repr": "Back Rounds  On  6",
        "action_flag": 1,
        "change_message": "[{\"added\": {}}]"
    }
},
{
    "model": "admin.logentry",
    "pk": 262,
    "fields": {
        "action_time": "2023-02-06T19:57:34.713Z",
        "user": 1,
        "content_type": 7,
        "object_id": "89",
        "object_repr": "Back Rounds  On  6",
        "action_flag": 2,
        "change_message": "[]"
    }
},
{
    "model": "admin.logentry",
    "pk": 263,
    "fields": {
        "action_time": "2023-02-06T19:57:52.009Z",
        "user": 1,
        "content_type": 7,
        "object_id": "90",
        "object_repr": "Back Rounds  On  5",
        "action_flag": 1,
        "change_message": "[{\"added\": {}}]"
    }
},
{
    "model": "admin.logentry",
    "pk": 264,
    "fields": {
        "action_time": "2023-02-06T19:58:16.175Z",
        "user": 1,
        "content_type": 7,
        "object_id": "12",
        "object_repr": "Preston Guild  On  6",
        "action_flag": 2,
        "change_message": "[{\"changed\": {\"fields\": [\"Pattern\"]}}]"
    }
},
{
    "model": "admin.logentry",
    "pk": 265,
    "fields": {
        "action_time": "2023-02-06T19:58:42.638Z",
        "user": 1,
        "content_type": 7,
        "object_id": "14",
        "object_repr": "Princes  On  8",
        "action_flag": 2,
        "change_message": "[{\"changed\": {\"fields\": [\"History\", \"Pattern\"]}}]"
    }
},
{
    "model": "admin.logentry",
    "pk": 266,
    "fields": {
        "action_time": "2023-02-06T19:58:57.473Z",
        "user": 1,
        "content_type": 7,
        "object_id": "91",
        "object_repr": "Princes  On  6",
        "action_flag": 1,
        "change_message": "[{\"added\": {}}]"
    }
},
{
    "model": "admin.logentry",
    "pk": 267,
    "fields": {
        "action_time": "2023-02-06T19:59:17.153Z",
        "user": 1,
        "content_type": 7,
        "object_id": "15",
        "object_repr": "Princesses  On  8",
        "action_flag": 2,
        "change_message": "[{\"changed\": {\"fields\": [\"Pattern\"]}}]"
    }
},
{
    "model": "admin.logentry",
    "pk": 268,
    "fields": {
        "action_time": "2023-02-06T20:00:45.664Z",
        "user": 1,
        "content_type": 12,
        "object_id": "12",
        "object_repr": "From:Rounds To:QueensOn 6",
        "action_flag": 1,
        "change_message": "[{\"added\": {}}]"
    }
},
{
    "model": "admin.logentry",
    "pk": 269,
    "fields": {
        "action_time": "2023-02-06T20:02:55.704Z",
        "user": 1,
        "content_type": 12,
        "object_id": "13",
        "object_repr": "From:Queens To:RoundsOn 6",
        "action_flag": 1,
        "change_message": "[{\"added\": {}}]"
    }
},
{
    "model": "admin.logentry",
    "pk": 270,
    "fields": {
        "action_time": "2023-02-06T20:41:58.820Z",
        "user": 1,
        "content_type": 7,
        "object_id": "94",
        "object_repr": "135246  On  6",
        "action_flag": 3,
        "change_message": ""
    }
},
{
    "model": "admin.logentry",
    "pk": 271,
    "fields": {
        "action_time": "2023-02-06T20:41:58.854Z",
        "user": 1,
        "content_type": 7,
        "object_id": "93",
        "object_repr": "132546  On  6",
        "action_flag": 3,
        "change_message": ""
    }
},
{
    "model": "admin.logentry",
    "pk": 272,
    "fields": {
        "action_time": "2023-02-06T20:41:58.873Z",
        "user": 1,
        "content_type": 7,
        "object_id": "92",
        "object_repr": "132456  On  6",
        "action_flag": 3,
        "change_message": ""
    }
},
{
    "model": "admin.logentry",
    "pk": 273,
    "fields": {
        "action_time": "2023-02-06T20:41:58.888Z",
        "user": 1,
        "content_type": 7,
        "object_id": "79",
        "object_repr": "142536  On  6",
        "action_flag": 3,
        "change_message": ""
    }
},
{
    "model": "admin.logentry",
    "pk": 274,
    "fields": {
        "action_time": "2023-02-06T20:41:58.906Z",
        "user": 1,
        "content_type": 7,
        "object_id": "78",
        "object_repr": "142356  On  6",
        "action_flag": 3,
        "change_message": ""
    }
},
{
    "model": "admin.logentry",
    "pk": 275,
    "fields": {
        "action_time": "2023-02-06T20:41:58.929Z",
        "user": 1,
        "content_type": 7,
        "object_id": "77",
        "object_repr": "124356  On  6",
        "action_flag": 3,
        "change_message": ""
    }
},
{
    "model": "admin.logentry",
    "pk": 276,
    "fields": {
        "action_time": "2023-02-06T20:43:20.691Z",
        "user": 1,
        "content_type": 12,
        "object_id": "13",
        "object_repr": "From:Queens To:RoundsOn 6",
        "action_flag": 3,
        "change_message": ""
    }
},
{
    "model": "admin.logentry",
    "pk": 277,
    "fields": {
        "action_time": "2023-02-06T20:43:20.715Z",
        "user": 1,
        "content_type": 12,
        "object_id": "12",
        "object_repr": "From:Rounds To:QueensOn 6",
        "action_flag": 3,
        "change_message": ""
    }
},
{
    "model": "admin.logentry",
    "pk": 278,
    "fields": {
        "action_time": "2023-02-06T20:43:20.737Z",
        "user": 1,
        "content_type": 12,
        "object_id": "11",
        "object_repr": "From:Titums To:RoundsOn 6",
        "action_flag": 3,
        "change_message": ""
    }
},
{
    "model": "admin.logentry",
    "pk": 279,
    "fields": {
        "action_time": "2023-02-06T20:43:20.752Z",
        "user": 1,
        "content_type": 12,
        "object_id": "10",
        "object_repr": "From:Rounds To:TitumsOn 6",
        "action_flag": 3,
        "change_message": ""
    }
},
{
    "model": "admin.logentry",
    "pk": 280,
    "fields": {
        "action_time": "2023-02-06T21:02:47.564Z",
        "user": 1,
        "content_type": 7,
        "object_id": "18",
        "object_repr": "Roll-Up  On  5",
        "action_flag": 3,
        "change_message": ""
    }
},
{
    "model": "admin.logentry",
    "pk": 281,
    "fields": {
        "action_time": "2023-02-06T21:02:47.590Z",
        "user": 1,
        "content_type": 7,
        "object_id": "39",
        "object_repr": "Roll-Up  On  6",
        "action_flag": 3,
        "change_message": ""
    }
},
{
    "model": "admin.logentry",
    "pk": 282,
    "fields": {
        "action_time": "2023-02-06T21:02:47.614Z",
        "user": 1,
        "content_type": 7,
        "object_id": "40",
        "object_repr": "Roll-Up  On  7",
        "action_flag": 3,
        "change_message": ""
    }
},
{
    "model": "admin.logentry",
    "pk": 283,
    "fields": {
        "action_time": "2023-02-06T21:03:04.299Z",
        "user": 1,
        "content_type": 7,
        "object_id": "12",
        "object_repr": "Preston Guild  On  6",
        "action_flag": 3,
        "change_message": ""
    }
},
{
    "model": "admin.logentry",
    "pk": 284,
    "fields": {
        "action_time": "2023-02-06T21:03:53.881Z",
        "user": 1,
        "content_type": 7,
        "object_id": "7",
        "object_repr": "The Intermediate  On  6",
        "action_flag": 3,
        "change_message": ""
    }
},
{
    "model": "admin.logentry",
    "pk": 285,
    "fields": {
        "action_time": "2023-02-06T21:03:53.904Z",
        "user": 1,
        "content_type": 7,
        "object_id": "41",
        "object_repr": "The Intermediate  On  8",
        "action_flag": 3,
        "change_message": ""
    }
},
{
    "model": "admin.logentry",
    "pk": 286,
    "fields": {
        "action_time": "2023-02-06T21:05:43.641Z",
        "user": 1,
        "content_type": 7,
        "object_id": "87",
        "object_repr": "Jokers  On  5",
        "action_flag": 2,
        "change_message": "[{\"changed\": {\"fields\": [\"History\", \"Pattern\"]}}]"
    }
},
{
    "model": "admin.logentry",
    "pk": 287,
    "fields": {
        "action_time": "2023-02-06T21:07:47.552Z",
        "user": 1,
        "content_type": 7,
        "object_id": "15",
        "object_repr": "Princesses  On  8",
        "action_flag": 2,
        "change_message": "[{\"changed\": {\"fields\": [\"History\"]}}]"
    }
},
{
    "model": "admin.logentry",
    "pk": 288,
    "fields": {
        "action_time": "2023-02-06T21:13:26.034Z",
        "user": 1,
        "content_type": 7,
        "object_id": "15",
        "object_repr": "Princesses  On  8",
        "action_flag": 2,
        "change_message": "[{\"changed\": {\"fields\": [\"Eight\"]}}]"
    }
},
{
    "model": "auth.permission",
    "pk": 1,
    "fields": {
        "name": "Can add log entry",
        "content_type": 1,
        "codename": "add_logentry"
    }
},
{
    "model": "auth.permission",
    "pk": 2,
    "fields": {
        "name": "Can change log entry",
        "content_type": 1,
        "codename": "change_logentry"
    }
},
{
    "model": "auth.permission",
    "pk": 3,
    "fields": {
        "name": "Can delete log entry",
        "content_type": 1,
        "codename": "delete_logentry"
    }
},
{
    "model": "auth.permission",
    "pk": 4,
    "fields": {
        "name": "Can view log entry",
        "content_type": 1,
        "codename": "view_logentry"
    }
},
{
    "model": "auth.permission",
    "pk": 5,
    "fields": {
        "name": "Can add permission",
        "content_type": 2,
        "codename": "add_permission"
    }
},
{
    "model": "auth.permission",
    "pk": 6,
    "fields": {
        "name": "Can change permission",
        "content_type": 2,
        "codename": "change_permission"
    }
},
{
    "model": "auth.permission",
    "pk": 7,
    "fields": {
        "name": "Can delete permission",
        "content_type": 2,
        "codename": "delete_permission"
    }
},
{
    "model": "auth.permission",
    "pk": 8,
    "fields": {
        "name": "Can view permission",
        "content_type": 2,
        "codename": "view_permission"
    }
},
{
    "model": "auth.permission",
    "pk": 9,
    "fields": {
        "name": "Can add group",
        "content_type": 3,
        "codename": "add_group"
    }
},
{
    "model": "auth.permission",
    "pk": 10,
    "fields": {
        "name": "Can change group",
        "content_type": 3,
        "codename": "change_group"
    }
},
{
    "model": "auth.permission",
    "pk": 11,
    "fields": {
        "name": "Can delete group",
        "content_type": 3,
        "codename": "delete_group"
    }
},
{
    "model": "auth.permission",
    "pk": 12,
    "fields": {
        "name": "Can view group",
        "content_type": 3,
        "codename": "view_group"
    }
},
{
    "model": "auth.permission",
    "pk": 13,
    "fields": {
        "name": "Can add user",
        "content_type": 4,
        "codename": "add_user"
    }
},
{
    "model": "auth.permission",
    "pk": 14,
    "fields": {
        "name": "Can change user",
        "content_type": 4,
        "codename": "change_user"
    }
},
{
    "model": "auth.permission",
    "pk": 15,
    "fields": {
        "name": "Can delete user",
        "content_type": 4,
        "codename": "delete_user"
    }
},
{
    "model": "auth.permission",
    "pk": 16,
    "fields": {
        "name": "Can view user",
        "content_type": 4,
        "codename": "view_user"
    }
},
{
    "model": "auth.permission",
    "pk": 17,
    "fields": {
        "name": "Can add content type",
        "content_type": 5,
        "codename": "add_contenttype"
    }
},
{
    "model": "auth.permission",
    "pk": 18,
    "fields": {
        "name": "Can change content type",
        "content_type": 5,
        "codename": "change_contenttype"
    }
},
{
    "model": "auth.permission",
    "pk": 19,
    "fields": {
        "name": "Can delete content type",
        "content_type": 5,
        "codename": "delete_contenttype"
    }
},
{
    "model": "auth.permission",
    "pk": 20,
    "fields": {
        "name": "Can view content type",
        "content_type": 5,
        "codename": "view_contenttype"
    }
},
{
    "model": "auth.permission",
    "pk": 21,
    "fields": {
        "name": "Can add session",
        "content_type": 6,
        "codename": "add_session"
    }
},
{
    "model": "auth.permission",
    "pk": 22,
    "fields": {
        "name": "Can change session",
        "content_type": 6,
        "codename": "change_session"
    }
},
{
    "model": "auth.permission",
    "pk": 23,
    "fields": {
        "name": "Can delete session",
        "content_type": 6,
        "codename": "delete_session"
    }
},
{
    "model": "auth.permission",
    "pk": 24,
    "fields": {
        "name": "Can view session",
        "content_type": 6,
        "codename": "view_session"
    }
},
{
    "model": "auth.permission",
    "pk": 25,
    "fields": {
        "name": "Can add pattern",
        "content_type": 7,
        "codename": "add_pattern"
    }
},
{
    "model": "auth.permission",
    "pk": 26,
    "fields": {
        "name": "Can change pattern",
        "content_type": 7,
        "codename": "change_pattern"
    }
},
{
    "model": "auth.permission",
    "pk": 27,
    "fields": {
        "name": "Can delete pattern",
        "content_type": 7,
        "codename": "delete_pattern"
    }
},
{
    "model": "auth.permission",
    "pk": 28,
    "fields": {
        "name": "Can view pattern",
        "content_type": 7,
        "codename": "view_pattern"
    }
},
{
    "model": "auth.permission",
    "pk": 29,
    "fields": {
        "name": "Can add tower",
        "content_type": 8,
        "codename": "add_tower"
    }
},
{
    "model": "auth.permission",
    "pk": 30,
    "fields": {
        "name": "Can change tower",
        "content_type": 8,
        "codename": "change_tower"
    }
},
{
    "model": "auth.permission",
    "pk": 31,
    "fields": {
        "name": "Can delete tower",
        "content_type": 8,
        "codename": "delete_tower"
    }
},
{
    "model": "auth.permission",
    "pk": 32,
    "fields": {
        "name": "Can view tower",
        "content_type": 8,
        "codename": "view_tower"
    }
},
{
    "model": "auth.permission",
    "pk": 33,
    "fields": {
        "name": "Can add bell",
        "content_type": 9,
        "codename": "add_bell"
    }
},
{
    "model": "auth.permission",
    "pk": 34,
    "fields": {
        "name": "Can change bell",
        "content_type": 9,
        "codename": "change_bell"
    }
},
{
    "model": "auth.permission",
    "pk": 35,
    "fields": {
        "name": "Can delete bell",
        "content_type": 9,
        "codename": "delete_bell"
    }
},
{
    "model": "auth.permission",
    "pk": 36,
    "fields": {
        "name": "Can view bell",
        "content_type": 9,
        "codename": "view_bell"
    }
},
{
    "model": "auth.permission",
    "pk": 37,
    "fields": {
        "name": "Can add pallete",
        "content_type": 10,
        "codename": "add_pallete"
    }
},
{
    "model": "auth.permission",
    "pk": 38,
    "fields": {
        "name": "Can change pallete",
        "content_type": 10,
        "codename": "change_pallete"
    }
},
{
    "model": "auth.permission",
    "pk": 39,
    "fields": {
        "name": "Can delete pallete",
        "content_type": 10,
        "codename": "delete_pallete"
    }
},
{
    "model": "auth.permission",
    "pk": 40,
    "fields": {
        "name": "Can view pallete",
        "content_type": 10,
        "codename": "view_pallete"
    }
},
{
    "model": "auth.permission",
    "pk": 41,
    "fields": {
        "name": "Can add colour",
        "content_type": 11,
        "codename": "add_colour"
    }
},
{
    "model": "auth.permission",
    "pk": 42,
    "fields": {
        "name": "Can change colour",
        "content_type": 11,
        "codename": "change_colour"
    }
},
{
    "model": "auth.permission",
    "pk": 43,
    "fields": {
        "name": "Can delete colour",
        "content_type": 11,
        "codename": "delete_colour"
    }
},
{
    "model": "auth.permission",
    "pk": 44,
    "fields": {
        "name": "Can view colour",
        "content_type": 11,
        "codename": "view_colour"
    }
},
{
    "model": "auth.permission",
    "pk": 45,
    "fields": {
        "name": "Can add change",
        "content_type": 12,
        "codename": "add_change"
    }
},
{
    "model": "auth.permission",
    "pk": 46,
    "fields": {
        "name": "Can change change",
        "content_type": 12,
        "codename": "change_change"
    }
},
{
    "model": "auth.permission",
    "pk": 47,
    "fields": {
        "name": "Can delete change",
        "content_type": 12,
        "codename": "delete_change"
    }
},
{
    "model": "auth.permission",
    "pk": 48,
    "fields": {
        "name": "Can view change",
        "content_type": 12,
        "codename": "view_change"
    }
},
{
    "model": "auth.permission",
    "pk": 49,
    "fields": {
        "name": "Can add change item",
        "content_type": 13,
        "codename": "add_changeitem"
    }
},
{
    "model": "auth.permission",
    "pk": 50,
    "fields": {
        "name": "Can change change item",
        "content_type": 13,
        "codename": "change_changeitem"
    }
},
{
    "model": "auth.permission",
    "pk": 51,
    "fields": {
        "name": "Can delete change item",
        "content_type": 13,
        "codename": "delete_changeitem"
    }
},
{
    "model": "auth.permission",
    "pk": 52,
    "fields": {
        "name": "Can view change item",
        "content_type": 13,
        "codename": "view_changeitem"
    }
},
{
    "model": "auth.user",
    "pk": 1,
    "fields": {
        "password": "pbkdf2_sha256$390000$65vEWnaClyKmPXvlzcGTWg$hqAKyJvw25fVTn632K0gw5fsQTlkXcJODdgJLcN3fns=",
        "last_login": "2023-02-03T12:17:14.429Z",
        "is_superuser": true,
        "username": "wyleu",
        "first_name": "",
        "last_name": "",
        "email": "wyleus@gmail.com",
        "is_staff": true,
        "is_active": true,
        "date_joined": "2022-08-15T16:58:14.051Z",
        "groups": [],
        "user_permissions": []
    }
},
{
    "model": "auth.user",
    "pk": 2,
    "fields": {
        "password": "pbkdf2_sha256$390000$Yd5NQS2aWVoNRMnEUY4JXW$o/zVxBwdjfkBGxp86xX6SmuM8Q19hN4BmuutAyJY4Uo=",
        "last_login": "2023-01-19T12:48:10.882Z",
        "is_superuser": true,
        "username": "chris",
        "first_name": "",
        "last_name": "",
        "email": "wyleus@gmail.com",
        "is_staff": true,
        "is_active": true,
        "date_joined": "2023-01-19T12:47:30.318Z",
        "groups": [],
        "user_permissions": []
    }
},
{
    "model": "contenttypes.contenttype",
    "pk": 1,
    "fields": {
        "app_label": "admin",
        "model": "logentry"
    }
},
{
    "model": "contenttypes.contenttype",
    "pk": 2,
    "fields": {
        "app_label": "auth",
        "model": "permission"
    }
},
{
    "model": "contenttypes.contenttype",
    "pk": 3,
    "fields": {
        "app_label": "auth",
        "model": "group"
    }
},
{
    "model": "contenttypes.contenttype",
    "pk": 4,
    "fields": {
        "app_label": "auth",
        "model": "user"
    }
},
{
    "model": "contenttypes.contenttype",
    "pk": 5,
    "fields": {
        "app_label": "contenttypes",
        "model": "contenttype"
    }
},
{
    "model": "contenttypes.contenttype",
    "pk": 6,
    "fields": {
        "app_label": "sessions",
        "model": "session"
    }
},
{
    "model": "contenttypes.contenttype",
    "pk": 7,
    "fields": {
        "app_label": "bells",
        "model": "pattern"
    }
},
{
    "model": "contenttypes.contenttype",
    "pk": 8,
    "fields": {
        "app_label": "bells",
        "model": "tower"
    }
},
{
    "model": "contenttypes.contenttype",
    "pk": 9,
    "fields": {
        "app_label": "bells",
        "model": "bell"
    }
},
{
    "model": "contenttypes.contenttype",
    "pk": 10,
    "fields": {
        "app_label": "palletes",
        "model": "pallete"
    }
},
{
    "model": "contenttypes.contenttype",
    "pk": 11,
    "fields": {
        "app_label": "palletes",
        "model": "colour"
    }
},
{
    "model": "contenttypes.contenttype",
    "pk": 12,
    "fields": {
        "app_label": "bells",
        "model": "change"
    }
},
{
    "model": "contenttypes.contenttype",
    "pk": 13,
    "fields": {
        "app_label": "bells",
        "model": "changeitem"
    }
},
{
    "model": "sessions.session",
    "pk": "3kj7o7uxz8wg5yyd7jcsqg3ov4vs889j",
    "fields": {
        "session_data": ".eJxVjMsOwiAQRf-FtSFgmSIu3fcbyAzDSNVA0sfK-O-2SRe6veec-1YR16XEdc5THFldlVWn340wPXPdAT-w3ptOrS7TSHpX9EFnPTTOr9vh_h0UnMtWS8cAQp6NdUiW8Aw9m_4i5EIfHGQgwc6BgeDZbzyJTUkkM5hE1qrPF_YSOLM:1omwaN:1cemXHzAcBlfR39a2FQfHGfXtqMq2AcJXWBQLblQeY0",
        "expire_date": "2022-11-07T12:29:43.478Z"
    }
},
{
    "model": "sessions.session",
    "pk": "4tqsyzguk30a7i993f2spipi6o1s25yp",
    "fields": {
        "session_data": ".eJxVjMsOwiAQRf-FtSHADEJduu83kBkeUjU0Ke3K-O_apAvd3nPOfYlA21rD1vMSpiQuwojT78YUH7ntIN2p3WYZ57YuE8tdkQftcpxTfl4P9--gUq_f2rNlZo-DJqVtRoUAdmBEbyllBgbndQEoCckB5KQMOmvsmXzxwFG8P9F8N2s:1pIULV:9kLITcI6KtMloPQbPU1Ovp1dIVsScZ3kMk3uJY2n578",
        "expire_date": "2023-02-02T12:48:45.773Z"
    }
},
{
    "model": "sessions.session",
    "pk": "dqha68cu664ztnyw7ft2n3p2q6uskec5",
    "fields": {
        "session_data": ".eJxVjDsOwyAQBe9CHSHwAoaU6X0GtHw2OIlAMnYV5e4RkoukfTPz3szjsRd_9Lz5NbErk-zyuwWMz1wHSA-s98Zjq_u2Bj4UftLOl5by63a6fwcFexm1Q1QTOi3QQYjWSQF6gozBElImhaCCRhulFSFlSgYM0DyTcVZTtOzzBfthOKA:1pKgAX:kKbVWUUJfDM7wEQ8IVhBbGlw4uogyi0VVpBfLyho54I",
        "expire_date": "2023-02-08T13:50:29.679Z"
    }
},
{
    "model": "sessions.session",
    "pk": "mjyrczjaxw2rdb4zxldfz0zfmgyroldg",
    "fields": {
        "session_data": ".eJxVjMsOwiAQRf-FtSFgmSIu3fcbyAzDSNVA0sfK-O-2SRe6veec-1YR16XEdc5THFldlVWn340wPXPdAT-w3ptOrS7TSHpX9EFnPTTOr9vh_h0UnMtWS8cAQp6NdUiW8Aw9m_4i5EIfHGQgwc6BgeDZbzyJTUkkM5hE1qrPF_YSOLM:1oNdQ6:LLe9Opb4LtAW2dLazFLY6PDNLhFbK28LCamE1X6GORk",
        "expire_date": "2022-08-29T16:58:30.944Z"
    }
},
{
    "model": "sessions.session",
    "pk": "r071am53jijnwlh9qqjo0w6mstjmzfmv",
    "fields": {
        "session_data": ".eJxVjDsOwyAQBe9CHSHwAoaU6X0GtHw2OIlAMnYV5e4RkoukfTPz3szjsRd_9Lz5NbErk-zyuwWMz1wHSA-s98Zjq_u2Bj4UftLOl5by63a6fwcFexm1Q1QTOi3QQYjWSQF6gozBElImhaCCRhulFSFlSgYM0DyTcVZTtOzzBfthOKA:1pNv0E:GsELwfFnbO47-PsEMYETb1odeDejauINRVSaVw26B4k",
        "expire_date": "2023-02-17T12:17:14.456Z"
    }
},
{
    "model": "sessions.session",
    "pk": "txawin5ci005odqvzigoeubdqubkzdlm",
    "fields": {
        "session_data": ".eJxVjMsOwiAQRf-FtSFgmSIu3fcbyAzDSNVA0sfK-O-2SRe6veec-1YR16XEdc5THFldlVWn340wPXPdAT-w3ptOrS7TSHpX9EFnPTTOr9vh_h0UnMtWS8cAQp6NdUiW8Aw9m_4i5EIfHGQgwc6BgeDZbzyJTUkkM5hE1qrPF_YSOLM:1oOeNn:D8n0MJKayb6y4eGBkHIyGDJ7h2Kbtd4N1n3Q0ALKBsE",
        "expire_date": "2022-09-01T12:12:19.117Z"
    }
}
]
